user_id,country,age,session_duration,pages_viewed,click_through_rate,total_orders,avg_order_value,loyalty_score,conversion
U1000,Germany,45,321,16,0.29,1,19.87,2,1
U1001,Brazil,24,235,19,0.3,2,91.21,3,0
U1002,India,49,225,2,0.89,9,110.76,5,1
U1003,Brazil,28,429,12,0.7,11,23.19,6,0
U1004,Brazil,27,113,14,0.57,6,98.73,7,1
U1005,China,26,478,6,0.63,2,50.09,4,0
U1006,India,31,566,13,0.08,6,116.99,7,0
U1007,India,30,400,4,0.61,8,85.55,3,0
U1008,India,42,186,22,0.51,10,28.07,7,0
U1009,Brazil,19,468,18,0.54,9,83.71,4,1
U1010,Germany,52,426,12,0.37,11,65.4,8,1
U1011,India,24,330,20,0.12,14,35.25,9,1
U1012,Brazil,38,438,22,0.22,10,127.81,7,1
U1013,China,35,132,21,0.91,3,11.54,8,1
U1014,Germany,20,307,19,0.42,6,53.7,8,0
U1015,China,59,102,8,0.47,8,11.76,2,0
U1016,Germany,56,436,7,0.1,13,23.44,9,0
U1017,Brazil,58,100,16,0.08,7,51.59,6,0
U1018,US,28,229,19,0.7,7,17.6,4,0
U1019,Germany,56,271,6,0.53,8,93.53,5,0
U1020,China,41,552,20,0.51,13,22.16,5,0
U1021,Brazil,36,98,21,0.27,4,108.24,7,0
U1022,Germany,21,428,11,0.72,13,17.37,9,1
U1023,US,43,210,5,0.2,4,18.3,7,0
U1024,US,55,170,16,0.22,2,52.75,9,0
U1025,India,59,539,7,0.46,4,135.52,4,0
U1026,India,49,495,5,0.31,7,99.8,4,0
U1027,China,56,106,11,0.27,11,117.82,6,0
U1028,Germany,53,425,15,0.63,4,29.82,8,0
U1029,Germany,57,128,3,0.64,3,126.78,9,0
U1030,India,54,358,5,0.79,7,11.14,1,0
U1031,Germany,50,355,23,0.43,6,39.83,1,0
U1032,Germany,53,262,21,0.12,14,96.25,8,1
U1033,US,20,120,5,0.3,13,62.53,7,1
U1034,India,26,373,9,0.93,13,147.79,9,0
U1035,Brazil,25,220,15,0.59,5,14.25,3,0
U1036,India,50,390,3,0.69,4,149.8,5,0
U1037,Brazil,23,587,6,0.06,13,97.31,3,1
U1038,US,58,397,17,0.52,4,88.22,5,0
U1039,China,56,363,21,0.08,12,18.33,1,1
U1040,Germany,21,562,8,0.56,9,48.27,4,1
U1041,US,30,397,21,0.88,1,139.45,6,0
U1042,Germany,19,334,11,0.92,12,59.59,2,0
U1043,China,22,223,6,0.54,14,102.63,7,0
U1044,China,44,502,8,0.46,3,149.93,8,0
U1045,US,49,378,10,0.9,7,46.83,1,0
U1046,China,38,563,24,0.66,7,90.65,4,0
U1047,Brazil,25,446,3,0.11,10,107.5,4,0
U1048,China,55,553,23,0.47,0,33.05,5,0
U1049,Germany,25,549,14,0.27,1,30.81,4,1
U1050,Germany,20,132,23,0.47,4,73.88,9,0
U1051,Germany,20,568,14,0.46,8,64.01,7,1
U1052,Germany,39,449,10,0.57,9,109.99,2,1
U1053,Brazil,23,354,12,0.37,10,19.73,1,1
U1054,India,19,428,6,0.2,11,146.1,9,1
U1055,US,40,246,12,0.5,12,12.0,1,0
U1056,Germany,19,504,23,0.8,10,94.18,6,0
U1057,China,55,422,14,0.65,6,88.77,2,1
U1058,Germany,34,182,2,0.35,9,28.86,4,1
U1059,China,52,247,9,0.89,4,31.13,6,1
U1060,China,51,479,10,0.87,0,120.97,5,1
U1061,Germany,40,311,17,0.24,14,134.26,6,0
U1062,Brazil,47,394,17,0.09,14,49.62,3,0
U1063,China,25,151,3,0.72,5,71.31,5,0
U1064,China,39,589,19,0.79,11,59.7,2,0
U1065,Germany,53,122,1,0.92,7,20.16,7,0
U1066,China,22,571,12,0.85,6,104.25,3,1
U1067,China,30,198,7,0.59,1,125.53,1,1
U1068,Germany,46,244,4,0.53,11,52.68,8,0
U1069,Germany,48,264,10,0.08,4,148.62,8,1
U1070,US,33,273,13,0.27,13,20.62,3,1
U1071,Brazil,59,315,2,0.46,10,102.65,7,1
U1072,Brazil,47,194,10,0.62,3,72.75,9,0
U1073,China,33,147,21,0.55,8,72.52,8,1
U1074,Brazil,29,266,22,0.72,9,74.07,3,1
U1075,China,34,188,4,0.3,0,46.22,2,0
U1076,US,33,62,18,0.56,11,110.18,7,0
U1077,Germany,29,180,5,0.13,5,111.02,7,1
U1078,Germany,25,444,19,0.42,2,49.54,9,0
U1079,Germany,37,97,2,0.73,10,126.94,5,0
U1080,Brazil,20,400,12,0.67,8,54.36,4,0
U1081,US,33,80,17,0.94,4,111.51,8,1
U1082,Brazil,47,301,10,0.3,12,26.94,4,1
U1083,Brazil,40,514,2,0.5,5,33.62,4,0
U1084,US,45,362,6,0.35,10,54.21,2,0
U1085,US,57,128,8,0.45,8,93.14,1,1
U1086,US,22,188,19,0.82,8,100.37,4,1
U1087,US,37,255,11,0.67,7,65.49,7,1
U1088,Germany,57,199,12,0.84,8,20.9,9,0
U1089,India,18,503,9,0.23,3,62.31,9,0
U1090,India,47,342,2,0.84,5,106.43,1,0
U1091,US,38,371,8,0.1,4,103.94,5,1
U1092,India,37,594,11,0.85,4,32.43,7,0
U1093,India,23,336,21,0.35,3,11.09,7,0
U1094,US,39,120,4,0.33,1,115.42,6,0
U1095,India,35,378,10,0.51,11,24.89,4,0
U1096,Brazil,25,111,21,0.9,5,21.53,3,1
U1097,China,56,212,20,0.09,8,10.38,9,0
U1098,China,49,370,16,0.37,11,70.56,4,1
U1099,US,50,448,8,0.82,0,80.46,8,1
U1100,Germany,33,236,4,0.41,13,99.27,1,0
U1101,US,29,421,10,0.23,6,51.45,7,1
U1102,Germany,55,373,12,0.43,5,109.46,6,1
U1103,China,51,156,14,0.4,2,33.71,1,1
U1104,US,31,272,16,0.87,0,126.48,4,0
U1105,Brazil,53,196,22,0.74,12,90.06,5,0
U1106,India,50,65,18,0.5,3,91.74,8,0
U1107,Germany,40,168,21,0.94,14,39.37,4,1
U1108,India,19,98,22,0.47,13,20.38,3,1
U1109,India,58,484,21,0.1,8,75.06,2,1
U1110,US,38,320,12,0.29,14,96.19,4,0
U1111,India,19,485,18,0.44,1,23.31,4,0
U1112,Brazil,44,146,7,0.19,2,143.07,5,1
U1113,India,26,524,20,0.9,1,147.26,7,0
U1114,US,18,135,24,0.74,13,86.36,9,1
U1115,Brazil,28,530,23,0.29,1,143.01,2,0
U1116,China,20,473,7,0.58,9,35.12,5,0
U1117,India,40,516,9,0.7,10,13.56,9,0
U1118,US,43,344,1,0.9,10,15.52,3,0
U1119,China,21,298,6,0.84,7,92.25,1,0
U1120,China,35,431,6,0.51,2,18.63,2,0
U1121,Germany,23,554,22,0.75,6,144.2,6,0
U1122,Brazil,52,104,12,0.56,7,29.87,5,0
U1123,India,39,460,22,0.55,2,52.66,1,0
U1124,US,32,306,12,0.15,1,125.15,1,1
U1125,Germany,39,509,10,0.16,12,40.62,4,0
U1126,Brazil,54,544,23,0.53,12,44.02,4,1
U1127,Germany,59,77,6,0.29,7,99.92,6,1
U1128,Brazil,29,348,17,0.07,2,48.65,6,0
U1129,Brazil,59,473,19,0.7,6,40.44,6,1
U1130,India,55,294,18,0.08,11,45.58,1,0
U1131,Brazil,35,475,6,0.59,0,78.69,9,1
U1132,Germany,52,558,24,0.54,13,145.25,7,1
U1133,Brazil,47,174,19,0.92,14,126.51,7,1
U1134,India,41,293,10,0.49,11,49.85,7,0
U1135,India,59,599,24,0.11,5,60.87,2,0
U1136,Germany,47,70,8,0.55,11,75.03,2,0
U1137,China,31,265,21,0.81,11,147.05,6,1
U1138,China,23,306,24,0.95,12,34.13,7,1
U1139,Brazil,20,186,6,0.44,8,60.05,3,0
U1140,US,33,206,21,0.34,11,112.12,4,0
U1141,Brazil,24,177,7,0.87,2,144.95,3,1
U1142,Germany,31,441,24,0.22,13,31.79,7,0
U1143,Germany,26,471,1,0.6,6,41.83,7,1
U1144,Germany,32,422,18,0.42,12,41.6,4,1
U1145,Germany,38,568,24,0.09,5,12.93,7,0
U1146,Germany,52,196,20,0.36,7,94.58,5,1
U1147,India,19,234,12,0.29,2,103.9,1,0
U1148,China,44,348,16,0.67,2,94.35,4,0
U1149,Germany,19,540,10,0.9,3,19.99,7,1
U1150,US,52,78,10,0.29,2,19.69,2,1
U1151,US,35,254,14,0.78,8,39.45,2,0
U1152,US,31,389,20,0.1,10,50.64,1,0
U1153,US,37,234,10,0.53,3,120.12,2,0
U1154,India,35,508,10,0.11,5,32.31,8,0
U1155,US,27,413,11,0.89,7,16.17,8,0
U1156,Germany,42,558,23,0.74,10,65.16,8,0
U1157,Brazil,19,200,2,0.64,12,68.29,1,0
U1158,US,42,152,20,0.79,7,73.13,1,0
U1159,India,50,298,8,0.63,14,125.77,4,0
U1160,India,53,264,23,0.92,4,23.72,6,1
U1161,US,48,492,7,0.69,4,108.55,8,1
U1162,Brazil,31,304,8,0.88,5,57.31,2,0
U1163,US,18,376,1,0.52,9,53.4,3,0
U1164,India,33,354,21,0.16,6,140.56,6,0
U1165,China,20,341,2,0.53,12,44.79,4,0
U1166,Germany,52,76,18,0.16,12,99.95,2,0
U1167,India,58,130,15,0.58,9,48.52,7,1
U1168,US,23,328,1,0.48,13,81.0,4,1
U1169,Germany,42,384,5,0.61,6,120.08,8,1
U1170,US,30,364,2,0.06,12,133.44,8,0
U1171,US,51,510,20,0.23,3,127.42,7,1
U1172,China,25,66,3,0.49,5,91.51,9,1
U1173,Germany,38,373,19,0.91,6,44.83,4,0
U1174,Germany,51,162,18,0.4,4,102.57,7,0
U1175,China,21,252,22,0.43,4,109.39,1,0
U1176,India,42,588,18,0.69,1,11.5,4,0
U1177,US,32,230,14,0.59,6,71.49,2,1
U1178,Brazil,21,596,24,0.32,11,128.06,9,1
U1179,US,29,310,8,0.42,5,78.54,5,0
U1180,US,49,446,12,0.25,10,53.59,3,0
U1181,India,49,266,21,0.92,0,132.05,4,0
U1182,US,45,475,10,0.17,3,31.82,6,1
U1183,China,30,439,23,0.38,2,38.9,1,0
U1184,China,48,203,20,0.07,11,106.23,7,1
U1185,Germany,31,84,17,0.25,14,59.34,8,0
U1186,Brazil,37,132,11,0.75,2,109.82,7,0
U1187,US,35,152,2,0.23,6,32.08,7,0
U1188,US,46,564,4,0.12,10,45.32,9,1
U1189,India,23,395,1,0.48,11,31.93,4,0
U1190,China,49,484,15,0.06,9,143.41,7,0
U1191,Brazil,46,558,13,0.13,3,66.76,9,0
U1192,Germany,19,423,8,0.78,14,57.21,5,0
U1193,China,40,258,4,0.74,11,11.99,2,1
U1194,Germany,36,472,10,0.87,7,31.48,5,0
U1195,India,48,398,19,0.82,10,68.96,4,0
U1196,India,22,488,18,0.66,8,19.59,8,0
U1197,US,36,198,5,0.1,2,81.5,5,1
U1198,Brazil,51,116,19,0.75,4,73.7,9,0
U1199,Germany,27,291,23,0.81,3,117.4,9,1
U1200,China,42,494,22,0.77,13,102.37,3,1
U1201,India,19,443,16,0.51,11,72.43,6,0
U1202,US,28,253,1,0.26,9,41.45,6,0
U1203,US,48,593,12,0.81,14,111.76,4,0
U1204,Germany,32,577,24,0.7,5,109.1,3,1
U1205,India,26,244,2,0.93,10,31.46,1,0
U1206,Brazil,40,351,21,0.19,9,138.07,7,0
U1207,India,36,394,8,0.25,3,19.02,5,1
U1208,Germany,26,175,18,0.24,7,17.71,7,1
U1209,Germany,52,108,16,0.76,2,36.23,1,0
U1210,India,38,141,5,0.22,10,137.32,8,0
U1211,Germany,26,392,22,0.11,4,82.8,3,0
U1212,India,45,394,13,0.95,12,120.31,7,0
U1213,China,24,591,19,0.07,0,41.9,3,0
U1214,India,33,280,3,0.8,12,78.63,3,1
U1215,India,33,382,8,0.38,14,60.16,9,0
U1216,Germany,50,62,12,0.81,5,125.9,2,1
U1217,Germany,21,265,2,0.55,10,13.16,4,1
U1218,US,21,99,11,0.86,4,44.14,6,0
U1219,US,56,118,12,0.88,7,31.36,3,1
U1220,China,57,566,18,0.06,8,130.29,7,0
U1221,US,34,181,13,0.12,7,75.46,7,1
U1222,India,54,538,5,0.28,7,66.59,5,1
U1223,Germany,56,155,22,0.65,11,72.93,3,0
U1224,US,46,473,12,0.85,13,146.07,2,0
U1225,US,53,294,2,0.46,12,129.04,4,0
U1226,China,55,121,5,0.6,2,108.89,4,0
U1227,China,56,315,7,0.22,3,50.67,8,0
U1228,India,54,407,24,0.77,14,33.12,8,0
U1229,Germany,52,183,12,0.92,10,139.0,5,1
U1230,China,24,541,16,0.29,3,69.23,6,0
U1231,US,44,376,23,0.5,14,49.03,8,1
U1232,Germany,45,563,8,0.13,14,75.93,1,1
U1233,Germany,39,107,9,0.55,13,138.5,5,0
U1234,US,31,468,15,0.5,10,64.19,4,1
U1235,China,24,195,5,0.18,4,88.77,4,0
U1236,US,54,260,13,0.45,12,122.42,2,0
U1237,Germany,39,309,5,0.35,8,69.8,1,1
U1238,Brazil,22,373,11,0.52,11,42.7,6,0
U1239,Brazil,19,427,10,0.58,8,149.23,7,1
U1240,India,44,488,20,0.06,9,143.92,5,1
U1241,US,38,539,13,0.73,12,128.09,8,1
U1242,US,55,373,9,0.69,11,106.37,9,1
U1243,India,32,559,21,0.38,13,51.28,2,1
U1244,India,38,414,14,0.1,0,137.88,4,0
U1245,India,27,544,18,0.73,13,48.58,9,0
U1246,Germany,40,270,15,0.91,13,122.11,5,1
U1247,US,56,103,10,0.27,7,138.56,3,0
U1248,Germany,22,151,24,0.34,13,94.42,6,0
U1249,India,18,324,7,0.22,0,122.43,3,0
U1250,US,30,279,8,0.57,1,120.84,5,1
U1251,Germany,38,501,3,0.19,6,37.04,3,0
U1252,Germany,43,460,15,0.37,14,103.51,6,0
U1253,India,38,459,16,0.68,7,23.09,5,0
U1254,US,35,549,4,0.55,0,81.1,9,0
U1255,India,54,544,21,0.4,14,32.71,3,0
U1256,US,49,529,6,0.43,2,68.29,6,0
U1257,Brazil,53,504,1,0.56,6,126.62,8,1
U1258,China,34,328,4,0.06,12,148.2,7,0
U1259,China,52,326,11,0.12,8,54.51,6,0
U1260,China,28,113,12,0.84,7,84.47,2,1
U1261,India,38,587,5,0.12,7,81.58,7,0
U1262,Brazil,43,579,23,0.69,14,143.62,8,0
U1263,US,21,118,21,0.88,8,77.0,1,0
U1264,Germany,51,99,16,0.29,9,107.87,9,1
U1265,US,35,296,13,0.38,2,139.05,4,1
U1266,Germany,57,445,13,0.56,7,62.27,8,0
U1267,US,52,359,17,0.84,0,136.3,7,0
U1268,Brazil,58,454,7,0.9,7,138.44,7,0
U1269,Germany,46,266,8,0.72,12,140.29,2,0
U1270,India,46,395,13,0.13,6,47.86,1,1
U1271,US,55,573,23,0.65,12,66.05,4,1
U1272,US,59,237,16,0.42,14,131.86,2,0
U1273,Germany,38,455,4,0.47,7,60.28,8,1
U1274,India,59,430,8,0.09,0,94.04,7,0
U1275,India,30,377,16,0.22,5,26.53,8,0
U1276,Brazil,58,428,21,0.76,6,17.88,6,0
U1277,India,34,443,10,0.46,13,67.68,1,0
U1278,India,26,121,12,0.32,10,91.05,9,1
U1279,India,58,564,12,0.4,4,64.98,6,0
U1280,China,18,298,5,0.82,13,90.88,1,0
U1281,Brazil,19,254,16,0.72,4,82.11,1,1
U1282,US,46,281,1,0.3,6,106.0,8,1
U1283,Germany,50,120,9,0.16,14,100.93,6,1
U1284,US,27,188,12,0.28,10,69.39,8,1
U1285,Brazil,57,215,5,0.88,14,69.5,8,0
U1286,Germany,38,437,22,0.57,2,29.71,8,1
U1287,Brazil,45,496,20,0.53,5,81.85,7,1
U1288,India,28,266,22,0.59,6,92.21,7,1
U1289,Germany,51,447,24,0.38,0,76.71,4,1
U1290,India,25,539,3,0.78,11,55.6,9,0
U1291,US,39,399,5,0.52,1,111.03,2,1
U1292,US,25,399,2,0.16,11,20.45,9,0
U1293,Germany,32,263,14,0.17,3,138.02,3,0
U1294,Germany,34,220,2,0.53,12,12.89,2,0
U1295,Brazil,40,599,13,0.89,7,144.73,4,1
U1296,Brazil,41,451,7,0.33,10,74.73,5,0
U1297,India,36,593,10,0.83,12,67.77,2,0
U1298,Germany,22,129,13,0.74,13,45.9,1,0
U1299,US,49,464,16,0.27,9,11.41,5,1
U1300,Brazil,18,576,14,0.08,5,48.47,9,0
U1301,Brazil,40,179,11,0.14,0,25.32,5,1
U1302,US,54,276,10,0.71,9,102.37,9,1
U1303,Brazil,25,115,6,0.23,4,54.67,6,0
U1304,India,30,425,4,0.38,6,117.41,3,0
U1305,Germany,25,563,21,0.5,14,38.97,4,1
U1306,US,40,514,1,0.7,12,136.03,4,1
U1307,Germany,18,163,7,0.15,5,83.22,1,1
U1308,Brazil,41,136,24,0.42,12,26.03,3,0
U1309,Brazil,52,289,9,0.49,12,66.12,3,1
U1310,US,41,317,8,0.54,11,38.95,1,0
U1311,India,34,323,5,0.79,8,37.96,9,0
U1312,China,22,390,19,0.2,7,80.89,1,1
U1313,US,37,241,10,0.78,14,104.06,9,0
U1314,China,38,86,11,0.67,3,137.63,1,1
U1315,China,57,335,15,0.55,12,80.3,2,1
U1316,India,48,358,6,0.68,10,145.22,2,1
U1317,China,53,150,15,0.42,11,141.83,6,0
U1318,China,28,539,5,0.17,4,131.11,7,0
U1319,India,32,517,19,0.65,6,80.0,1,1
U1320,China,36,510,22,0.52,7,29.73,3,0
U1321,China,24,424,19,0.63,4,40.51,2,0
U1322,China,45,410,10,0.35,8,100.67,8,1
U1323,US,22,459,12,0.87,13,69.05,9,0
U1324,US,22,312,22,0.58,9,30.55,2,1
U1325,US,47,518,4,0.13,11,77.06,2,0
U1326,India,49,558,18,0.45,3,12.44,9,0
U1327,Brazil,25,567,16,0.73,3,112.75,4,1
U1328,China,27,363,8,0.76,12,20.3,5,1
U1329,China,55,560,4,0.5,7,98.08,9,0
U1330,India,49,225,23,0.86,0,121.02,6,0
U1331,China,45,474,12,0.29,7,28.57,9,1
U1332,US,34,521,2,0.42,4,82.61,9,0
U1333,Brazil,48,173,4,0.86,12,119.07,7,0
U1334,Germany,25,492,5,0.86,13,46.49,9,0
U1335,China,57,415,3,0.67,10,32.81,5,1
U1336,US,42,266,9,0.82,0,57.15,5,0
U1337,Germany,26,294,21,0.13,3,87.66,8,0
U1338,Brazil,19,501,18,0.83,1,90.54,4,0
U1339,Germany,32,414,11,0.34,3,28.32,9,0
U1340,US,20,574,3,0.21,7,74.06,7,0
U1341,Germany,53,267,23,0.27,4,47.56,7,1
U1342,India,21,184,2,0.43,0,127.88,3,0
U1343,Germany,31,197,9,0.28,6,53.9,4,1
U1344,China,58,398,14,0.34,0,127.42,7,1
U1345,China,58,596,4,0.17,8,70.0,5,0
U1346,India,42,127,9,0.32,2,111.72,3,1
U1347,US,27,442,13,0.57,11,81.41,1,0
U1348,China,38,78,18,0.45,2,97.07,7,1
U1349,Brazil,53,509,15,0.36,14,65.35,6,1
U1350,China,29,133,10,0.72,14,117.55,7,0
U1351,China,44,335,16,0.85,5,69.53,2,1
U1352,US,57,107,12,0.73,9,74.04,4,0
U1353,Germany,19,270,20,0.35,5,82.48,2,0
U1354,China,30,599,5,0.72,12,126.46,8,1
U1355,India,49,250,2,0.19,10,102.31,7,0
U1356,Germany,48,374,10,0.17,10,58.88,1,0
U1357,Brazil,33,172,1,0.36,5,103.84,2,0
U1358,US,49,229,7,0.78,12,99.94,2,1
U1359,Brazil,49,527,17,0.27,0,140.34,4,0
U1360,Germany,51,73,16,0.11,4,127.8,3,1
U1361,Germany,28,347,24,0.17,11,100.64,1,0
U1362,Germany,27,248,3,0.82,5,57.81,2,0
U1363,Brazil,32,214,14,0.62,7,119.14,9,1
U1364,Germany,34,530,10,0.28,12,90.53,1,0
U1365,Brazil,57,134,22,0.55,0,147.94,9,1
U1366,Germany,35,336,7,0.52,4,44.65,7,0
U1367,India,26,402,17,0.64,2,21.15,2,0
U1368,Germany,42,484,6,0.26,1,19.78,2,0
U1369,Brazil,57,570,23,0.83,10,99.6,5,1
U1370,China,31,241,22,0.33,7,141.5,5,1
U1371,Germany,42,517,4,0.67,6,10.27,4,1
U1372,China,39,123,17,0.06,9,111.61,3,0
U1373,India,47,319,9,0.39,6,101.99,4,0
U1374,US,37,252,4,0.37,4,112.52,4,0
U1375,India,38,465,7,0.54,11,59.76,2,1
U1376,Germany,49,152,23,0.12,12,124.87,5,1
U1377,China,38,489,2,0.76,8,16.26,5,1
U1378,China,52,493,17,0.25,4,115.76,5,0
U1379,Brazil,49,463,24,0.66,1,47.39,1,1
U1380,China,47,493,8,0.77,2,76.76,6,0
U1381,Brazil,56,171,23,0.56,3,125.17,2,1
U1382,US,29,434,15,0.72,14,47.99,7,0
U1383,Germany,58,118,15,0.65,4,35.93,4,0
U1384,Brazil,35,102,8,0.37,12,105.38,5,0
U1385,US,38,266,16,0.78,2,84.68,5,0
U1386,China,30,355,19,0.32,11,82.02,5,0
U1387,China,38,177,11,0.56,13,45.95,2,1
U1388,US,25,591,2,0.72,6,14.88,5,1
U1389,China,57,281,23,0.39,4,67.44,3,1
U1390,US,24,225,24,0.32,4,24.92,4,1
U1391,Brazil,40,215,17,0.46,5,136.84,2,0
U1392,Brazil,49,243,16,0.79,6,15.78,4,1
U1393,US,28,149,15,0.89,9,70.43,9,0
U1394,Brazil,39,153,13,0.54,9,17.31,8,1
U1395,Brazil,39,72,15,0.65,7,23.38,3,0
U1396,Brazil,42,497,4,0.86,8,102.24,1,0
U1397,India,39,597,16,0.14,10,100.6,1,0
U1398,Germany,45,209,12,0.26,3,14.63,6,0
U1399,China,46,67,4,0.69,4,10.16,3,0
U1400,India,30,88,3,0.79,14,21.03,4,0
U1401,Brazil,35,355,22,0.82,4,116.82,1,1
U1402,US,19,399,17,0.42,7,91.84,8,1
U1403,Brazil,46,498,22,0.13,8,15.34,1,0
U1404,Germany,38,203,18,0.44,6,78.33,5,0
U1405,Brazil,32,578,18,0.26,14,109.68,6,1
U1406,US,44,104,23,0.31,4,131.65,2,0
U1407,Germany,48,298,17,0.75,2,140.77,7,1
U1408,Brazil,32,214,12,0.12,0,55.84,7,0
U1409,Germany,40,240,23,0.79,10,29.02,1,1
U1410,China,41,274,21,0.43,8,43.17,4,1
U1411,China,30,147,24,0.59,4,118.66,4,1
U1412,Brazil,39,315,4,0.13,8,146.01,5,1
U1413,Germany,54,570,12,0.35,9,75.3,1,0
U1414,US,50,132,23,0.13,14,52.75,1,0
U1415,Brazil,20,238,22,0.92,11,70.09,7,1
U1416,China,36,271,21,0.78,12,52.67,9,1
U1417,China,40,293,20,0.46,13,45.91,1,0
U1418,Brazil,46,524,15,0.25,3,93.13,2,1
U1419,Germany,47,282,23,0.89,4,12.2,6,0
U1420,China,56,323,16,0.36,3,46.34,6,0
U1421,Germany,42,266,5,0.19,1,102.59,2,1
U1422,China,54,425,21,0.56,11,14.49,9,0
U1423,China,25,335,15,0.9,0,21.65,4,1
U1424,India,59,439,17,0.05,7,51.08,7,0
U1425,China,33,368,18,0.26,3,132.89,6,0
U1426,US,25,327,5,0.89,4,117.08,3,1
U1427,Brazil,18,123,13,0.2,5,13.1,8,0
U1428,Brazil,22,409,19,0.15,13,80.24,7,0
U1429,Germany,20,553,13,0.56,7,48.46,9,0
U1430,China,18,582,18,0.83,10,100.81,3,0
U1431,US,21,157,14,0.48,7,111.02,1,0
U1432,Germany,57,130,4,0.95,6,130.8,2,1
U1433,India,52,423,4,0.66,3,76.56,1,1
U1434,Germany,49,335,20,0.12,5,149.22,5,0
U1435,Germany,59,109,20,0.94,3,147.2,2,0
U1436,China,51,417,19,0.42,14,133.5,3,1
U1437,India,42,544,13,0.31,13,90.48,8,0
U1438,Germany,27,143,12,0.55,6,65.72,5,0
U1439,US,38,355,7,0.32,11,61.01,4,1
U1440,US,56,295,12,0.13,12,11.7,5,0
U1441,Brazil,44,115,21,0.05,11,44.88,6,0
U1442,India,44,419,4,0.45,14,110.63,7,1
U1443,India,19,169,2,0.8,12,94.51,9,1
U1444,Brazil,58,251,2,0.57,12,138.3,1,0
U1445,Germany,30,152,5,0.95,10,17.0,4,0
U1446,India,26,119,23,0.31,13,31.74,9,0
U1447,US,53,98,10,0.3,0,120.49,5,1
U1448,US,39,599,10,0.19,4,60.19,8,0
U1449,China,59,108,9,0.2,14,26.57,1,0
U1450,India,43,479,13,0.31,13,149.5,4,1
U1451,Germany,29,72,7,0.76,9,120.22,9,0
U1452,Brazil,34,95,5,0.87,11,67.22,1,0
U1453,Brazil,31,160,10,0.93,14,125.27,1,0
U1454,Germany,31,145,10,0.26,9,105.28,4,0
U1455,China,51,575,6,0.84,14,120.6,3,0
U1456,Brazil,37,282,19,0.35,3,124.13,7,1
U1457,India,28,397,21,0.15,10,21.86,3,1
U1458,China,33,225,8,0.83,6,97.22,1,0
U1459,India,48,442,1,0.62,12,10.95,2,0
U1460,US,23,435,17,0.2,8,16.08,4,0
U1461,China,36,530,7,0.44,4,136.56,1,0
U1462,Brazil,54,90,14,0.31,3,83.86,1,0
U1463,China,21,434,21,0.71,14,113.03,8,1
U1464,China,21,70,21,0.46,8,127.39,7,0
U1465,China,37,361,17,0.94,4,142.94,8,0
U1466,China,27,155,9,0.1,8,131.71,4,0
U1467,India,41,249,17,0.37,7,77.66,6,0
U1468,US,52,512,5,0.48,3,57.04,3,0
U1469,Germany,43,251,20,0.5,10,31.63,8,0
U1470,China,54,545,8,0.33,10,66.05,4,0
U1471,Brazil,55,325,6,0.71,6,61.31,3,1
U1472,China,38,483,11,0.84,4,88.34,4,0
U1473,Brazil,57,187,19,0.89,9,103.17,6,0
U1474,India,56,297,4,0.77,3,146.97,7,0
U1475,Brazil,38,414,18,0.82,4,111.97,7,1
U1476,Germany,27,171,1,0.55,4,100.12,4,0
U1477,US,55,505,13,0.79,10,56.91,8,0
U1478,Brazil,21,402,14,0.32,14,14.83,7,0
U1479,Brazil,37,204,24,0.41,8,50.34,2,1
U1480,US,34,124,1,0.34,11,117.58,8,0
U1481,Germany,24,306,11,0.47,8,38.74,9,0
U1482,China,21,549,17,0.31,5,109.71,5,0
U1483,Brazil,46,498,4,0.92,13,91.17,4,0
U1484,US,31,165,12,0.33,3,34.06,4,1
U1485,India,20,240,10,0.14,14,46.63,4,0
U1486,US,41,243,6,0.52,1,79.48,6,1
U1487,India,54,285,1,0.1,13,68.57,4,1
U1488,Germany,33,148,7,0.15,2,119.0,7,0
U1489,China,21,589,21,0.25,1,112.82,7,0
U1490,US,41,430,16,0.47,4,90.44,5,0
U1491,Brazil,51,458,24,0.44,5,125.12,5,0
U1492,Germany,47,165,14,0.77,10,88.77,8,1
U1493,US,35,330,23,0.72,4,145.01,7,1
U1494,Brazil,36,562,20,0.43,1,40.41,7,0
U1495,US,48,584,20,0.35,11,109.98,6,0
U1496,India,36,91,6,0.33,4,61.79,7,0
U1497,US,36,452,22,0.75,8,49.06,7,1
U1498,US,39,99,5,0.1,3,35.25,2,1
U1499,US,41,277,24,0.06,11,87.35,2,1
U1500,Germany,29,141,21,0.77,9,40.17,7,1
U1501,US,47,260,18,0.48,1,38.05,7,0
U1502,Brazil,55,506,15,0.17,2,148.67,7,1
U1503,India,48,487,6,0.26,2,122.24,5,1
U1504,India,53,97,19,0.89,8,114.76,1,0
U1505,US,36,270,1,0.82,3,121.17,2,0
U1506,Germany,53,503,1,0.69,14,145.65,9,1
U1507,Germany,47,386,13,0.48,0,90.26,8,1
U1508,Brazil,50,286,3,0.52,0,40.83,8,1
U1509,US,35,107,10,0.93,14,130.71,1,1
U1510,India,45,77,21,0.92,6,113.98,6,1
U1511,Germany,28,498,3,0.24,6,68.0,9,1
U1512,US,50,246,9,0.78,1,76.3,8,0
U1513,Germany,34,404,8,0.23,8,67.58,3,1
U1514,Germany,23,283,3,0.24,8,140.19,4,0
U1515,India,21,547,13,0.66,4,58.09,3,0
U1516,China,37,288,6,0.41,14,144.89,6,0
U1517,Brazil,44,449,13,0.89,14,137.44,9,1
U1518,Brazil,32,247,23,0.13,2,98.27,8,0
U1519,India,23,329,20,0.51,2,91.18,4,1
U1520,Germany,31,369,20,0.88,11,61.81,2,0
U1521,US,28,191,12,0.86,2,12.57,8,0
U1522,Germany,56,131,13,0.19,5,27.87,8,0
U1523,India,26,246,2,0.38,3,115.59,6,0
U1524,Brazil,43,545,21,0.61,7,76.02,8,1
U1525,Germany,33,250,24,0.19,14,30.98,9,0
U1526,Brazil,22,481,23,0.92,12,46.95,1,0
U1527,US,27,179,16,0.87,10,142.7,9,1
U1528,Brazil,20,279,23,0.2,12,61.4,2,0
U1529,Brazil,30,112,6,0.16,10,137.08,1,1
U1530,China,47,510,19,0.13,10,52.65,8,0
U1531,China,23,471,21,0.87,4,86.05,8,0
U1532,China,34,296,13,0.22,0,12.87,4,1
U1533,Brazil,36,465,17,0.42,8,83.06,8,1
U1534,India,59,481,23,0.45,0,99.17,7,0
U1535,Brazil,52,306,9,0.59,5,42.8,2,0
U1536,India,43,131,17,0.11,0,91.05,5,0
U1537,India,22,244,2,0.25,2,100.6,4,0
U1538,China,46,65,19,0.89,14,106.16,3,1
U1539,Germany,54,265,19,0.87,9,118.7,1,1
U1540,US,37,446,24,0.75,4,53.59,5,0
U1541,China,38,135,7,0.07,14,89.49,8,1
U1542,China,27,236,22,0.34,9,147.42,9,0
U1543,Germany,22,408,10,0.62,6,135.74,7,0
U1544,US,53,314,10,0.3,13,143.37,1,1
U1545,Brazil,23,367,20,0.87,9,64.06,1,1
U1546,Brazil,43,404,9,0.62,7,120.17,1,1
U1547,China,21,186,17,0.11,11,96.79,2,0
U1548,US,56,346,15,0.87,8,21.58,1,1
U1549,China,56,546,2,0.91,5,125.36,4,0
U1550,India,52,442,4,0.12,14,104.79,9,0
U1551,China,18,465,19,0.53,10,37.85,4,1
U1552,China,41,447,17,0.32,8,21.16,4,0
U1553,Brazil,53,584,5,0.4,7,127.18,7,1
U1554,Brazil,23,335,7,0.21,8,21.05,9,0
U1555,Brazil,58,559,18,0.57,9,22.79,7,0
U1556,India,48,396,21,0.91,3,69.84,1,1
U1557,Brazil,37,540,22,0.5,8,28.87,1,0
U1558,US,41,332,7,0.12,14,137.91,4,1
U1559,Germany,42,117,17,0.61,6,75.84,4,0
U1560,US,53,387,7,0.36,4,89.68,1,1
U1561,US,38,168,4,0.82,4,139.93,6,0
U1562,Brazil,47,338,8,0.44,0,84.24,2,0
U1563,Germany,41,387,13,0.22,1,59.5,5,0
U1564,Germany,59,374,4,0.22,9,121.6,8,1
U1565,Germany,47,533,6,0.74,2,72.0,3,1
U1566,India,39,170,5,0.29,13,54.59,9,1
U1567,Brazil,45,288,12,0.74,13,111.25,7,0
U1568,Germany,24,556,4,0.24,7,122.22,9,0
U1569,India,52,215,24,0.34,5,120.84,1,0
U1570,China,45,532,9,0.47,11,146.87,5,1
U1571,China,31,331,4,0.9,9,120.13,3,0
U1572,India,27,61,19,0.89,10,117.79,4,1
U1573,India,33,570,24,0.24,12,130.05,4,1
U1574,Brazil,33,345,14,0.37,14,10.03,7,0
U1575,Brazil,48,72,5,0.18,13,60.74,8,0
U1576,China,59,557,18,0.51,4,113.26,5,1
U1577,Germany,42,297,10,0.46,12,93.96,7,0
U1578,China,30,153,19,0.86,0,34.86,3,0
U1579,Germany,23,397,12,0.89,11,52.52,3,0
U1580,Germany,26,230,18,0.4,10,57.15,3,1
U1581,Brazil,53,526,17,0.49,11,89.5,4,1
U1582,US,37,202,24,0.86,8,126.42,6,0
U1583,US,35,260,11,0.78,2,140.55,5,0
U1584,India,38,239,3,0.05,2,115.01,8,0
U1585,Brazil,21,423,23,0.34,1,128.01,5,1
U1586,Germany,50,538,17,0.43,3,75.81,5,0
U1587,US,44,530,1,0.26,11,64.57,2,0
U1588,Germany,24,443,15,0.23,1,64.98,5,1
U1589,US,23,476,9,0.08,12,96.25,7,1
U1590,US,32,367,15,0.63,8,27.39,2,1
U1591,US,35,426,24,0.29,11,91.13,6,1
U1592,Brazil,49,60,3,0.1,9,103.12,7,0
U1593,China,28,103,22,0.26,6,71.45,5,0
U1594,Germany,37,157,19,0.77,7,143.44,9,0
U1595,Brazil,41,324,13,0.82,2,95.15,4,0
U1596,Brazil,32,199,12,0.48,5,40.8,1,1
U1597,Brazil,24,540,20,0.42,14,77.09,8,1
U1598,Brazil,38,296,1,0.93,9,104.56,8,1
U1599,Brazil,59,131,21,0.23,5,55.31,7,0
U1600,India,43,249,17,0.24,12,21.15,8,1
U1601,Germany,31,327,13,0.31,0,91.68,2,1
U1602,Brazil,54,380,1,0.21,5,142.7,3,0
U1603,Germany,38,166,10,0.39,12,77.91,9,1
U1604,India,35,291,15,0.87,13,136.86,1,0
U1605,India,22,101,7,0.6,2,126.9,8,0
U1606,Germany,20,198,22,0.42,10,30.64,8,1
U1607,US,40,332,18,0.89,2,109.14,7,1
U1608,China,43,540,16,0.09,2,70.97,5,0
U1609,US,54,475,14,0.24,9,45.03,4,0
U1610,US,41,565,18,0.56,10,106.17,6,1
U1611,US,36,483,7,0.6,14,113.97,1,1
U1612,Brazil,42,466,17,0.09,10,35.19,5,1
U1613,India,38,449,18,0.41,14,138.02,4,0
U1614,US,29,401,12,0.63,9,115.16,4,0
U1615,India,58,552,8,0.68,10,140.67,7,0
U1616,Germany,50,251,22,0.62,7,54.39,9,0
U1617,China,21,558,2,0.34,12,141.51,8,0
U1618,Germany,59,292,7,0.13,4,61.59,8,0
U1619,Germany,24,286,4,0.43,3,17.56,5,1
U1620,Brazil,39,430,18,0.17,12,116.82,6,0
U1621,China,50,198,6,0.9,8,108.49,2,1
U1622,Germany,34,208,9,0.48,8,93.71,3,0
U1623,Germany,41,174,9,0.34,0,78.59,5,0
U1624,China,51,509,14,0.74,1,14.5,2,0
U1625,China,45,122,8,0.5,7,97.44,3,0
U1626,Germany,58,163,19,0.33,4,68.36,4,0
U1627,China,56,332,3,0.78,6,88.43,6,1
U1628,Germany,39,65,18,0.83,0,70.1,5,1
U1629,Germany,34,206,5,0.66,11,145.25,4,0
U1630,Brazil,51,243,14,0.09,9,94.58,2,0
U1631,US,23,87,4,0.56,11,114.89,5,1
U1632,Germany,23,178,7,0.74,4,141.09,5,1
U1633,India,51,352,20,0.17,10,92.82,7,0
U1634,US,18,430,12,0.26,11,11.69,1,1
U1635,US,27,303,2,0.84,2,14.8,4,1
U1636,US,38,277,11,0.07,9,108.33,5,1
U1637,Brazil,22,236,14,0.73,11,49.07,8,1
U1638,Germany,19,358,22,0.48,11,91.11,8,1
U1639,Brazil,39,117,23,0.45,13,38.32,1,1
U1640,Germany,19,328,16,0.06,1,47.83,5,0
U1641,Brazil,27,367,20,0.79,1,80.65,1,0
U1642,Brazil,51,347,6,0.37,8,146.58,1,1
U1643,India,33,164,23,0.54,12,96.28,2,1
U1644,Brazil,56,287,4,0.66,3,141.06,2,1
U1645,China,39,306,15,0.68,3,144.31,9,0
U1646,India,29,553,24,0.91,6,39.14,4,0
U1647,Brazil,41,142,1,0.53,9,53.57,3,0
U1648,US,57,245,7,0.41,9,117.8,1,0
U1649,China,55,311,12,0.91,12,131.35,2,0
U1650,China,27,414,10,0.63,1,82.69,6,1
U1651,China,52,269,5,0.32,2,149.05,9,0
U1652,India,49,506,12,0.16,2,11.62,5,1
U1653,Brazil,24,519,18,0.81,5,51.94,4,1
U1654,Brazil,38,531,10,0.38,2,97.24,5,0
U1655,US,37,429,6,0.64,10,75.7,9,0
U1656,US,43,551,12,0.47,4,26.32,7,1
U1657,China,21,196,7,0.23,3,61.49,8,1
U1658,US,39,426,18,0.59,2,13.56,4,1
U1659,India,32,243,2,0.1,7,99.98,8,1
U1660,Brazil,57,346,10,0.42,13,134.98,6,1
U1661,China,38,531,15,0.54,9,133.88,5,0
U1662,US,32,434,12,0.44,2,107.94,7,1
U1663,India,39,596,17,0.72,5,75.21,6,1
U1664,India,45,570,4,0.8,12,81.68,3,1
U1665,US,31,309,7,0.74,14,29.17,5,0
U1666,Brazil,44,569,9,0.08,6,57.74,9,1
U1667,US,58,132,19,0.22,6,36.28,7,1
U1668,China,57,341,23,0.53,1,124.97,4,1
U1669,US,45,419,7,0.89,13,138.07,7,0
U1670,India,43,69,23,0.8,2,85.17,5,0
U1671,US,19,270,2,0.81,11,111.89,2,0
U1672,Brazil,42,211,6,0.32,9,27.01,6,0
U1673,Germany,20,64,18,0.44,9,95.19,7,0
U1674,US,25,254,6,0.47,14,108.39,8,1
U1675,Brazil,50,342,13,0.19,3,73.39,6,0
U1676,Brazil,59,523,19,0.08,6,44.06,8,0
U1677,India,52,172,2,0.9,1,132.83,7,0
U1678,Brazil,23,330,12,0.27,2,114.01,2,0
U1679,Brazil,56,222,15,0.27,6,135.98,6,0
U1680,Brazil,40,519,14,0.13,6,124.58,9,0
U1681,Brazil,42,164,6,0.89,14,148.65,6,1
U1682,China,36,341,18,0.57,9,36.9,4,1
U1683,China,22,221,5,0.65,2,22.14,7,0
U1684,India,28,410,18,0.87,11,57.18,3,0
U1685,US,29,493,3,0.36,0,28.06,5,0
U1686,Brazil,27,199,3,0.61,11,83.24,1,1
U1687,US,25,530,22,0.08,2,98.62,3,0
U1688,US,41,191,22,0.22,4,90.96,8,0
U1689,India,45,146,10,0.8,6,46.29,9,0
U1690,Brazil,58,242,19,0.74,3,137.24,9,0
U1691,Brazil,53,427,3,0.37,12,12.96,2,0
U1692,Germany,54,188,12,0.39,12,58.72,4,0
U1693,US,38,305,16,0.53,10,110.66,5,0
U1694,US,25,437,17,0.05,10,117.37,3,0
U1695,China,26,208,7,0.27,14,68.26,1,0
U1696,Germany,32,492,13,0.24,0,12.37,6,1
U1697,China,57,528,24,0.28,5,96.53,2,1
U1698,China,35,505,2,0.78,1,18.83,9,0
U1699,China,59,540,4,0.3,11,25.1,1,1
U1700,India,37,353,10,0.22,2,101.04,9,1
U1701,India,23,202,7,0.5,3,53.75,7,1
U1702,China,29,309,24,0.83,5,58.72,2,0
U1703,Germany,19,361,17,0.27,5,78.15,6,1
U1704,US,24,84,20,0.12,6,147.0,8,0
U1705,Germany,33,129,6,0.37,4,145.16,2,1
U1706,Brazil,20,171,19,0.72,6,68.28,5,0
U1707,India,20,423,5,0.55,1,47.17,6,0
U1708,US,44,362,10,0.79,0,52.36,3,0
U1709,US,57,530,9,0.91,11,47.63,2,0
U1710,Brazil,55,150,13,0.76,9,84.51,6,1
U1711,Brazil,50,589,19,0.59,7,94.96,3,0
U1712,China,45,251,21,0.49,0,78.43,2,0
U1713,India,18,301,24,0.09,11,67.12,1,0
U1714,India,25,197,6,0.94,1,39.58,8,0
U1715,Germany,54,404,4,0.4,10,77.55,1,1
U1716,China,49,239,24,0.19,11,57.75,5,1
U1717,China,54,562,3,0.65,9,85.82,6,0
U1718,China,21,262,3,0.31,5,104.53,3,0
U1719,China,47,251,4,0.58,0,98.66,7,1
U1720,India,23,64,5,0.58,9,74.75,2,0
U1721,India,36,296,8,0.45,2,87.85,7,1
U1722,China,49,370,16,0.8,6,49.88,2,0
U1723,Germany,26,115,22,0.29,11,13.39,5,0
U1724,US,29,502,3,0.45,7,97.5,7,0
U1725,US,28,296,24,0.53,3,45.36,3,0
U1726,Germany,33,256,12,0.65,11,103.65,4,0
U1727,China,18,573,8,0.76,2,114.58,1,1
U1728,India,38,508,13,0.41,0,138.23,3,1
U1729,US,47,419,4,0.63,11,144.14,9,1
U1730,Brazil,30,89,14,0.19,8,11.47,5,1
U1731,Brazil,51,167,14,0.89,9,148.65,8,0
U1732,Germany,21,504,13,0.39,5,105.62,2,1
U1733,China,45,497,6,0.71,5,100.09,3,0
U1734,US,55,516,17,0.07,8,12.13,7,1
U1735,China,48,554,4,0.23,0,130.57,4,0
U1736,US,44,306,8,0.49,5,30.37,9,1
U1737,Germany,22,498,17,0.84,11,127.23,7,1
U1738,Germany,42,337,3,0.52,4,12.18,1,0
U1739,Brazil,20,170,17,0.89,12,100.43,4,0
U1740,China,50,444,9,0.49,10,70.87,6,0
U1741,Brazil,21,250,2,0.49,14,38.11,6,0
U1742,China,42,549,13,0.16,5,25.06,6,1
U1743,Brazil,37,485,20,0.77,13,71.62,5,1
U1744,India,51,464,2,0.27,10,27.26,3,1
U1745,India,43,394,20,0.86,7,78.1,2,0
U1746,India,22,268,11,0.87,4,97.53,3,1
U1747,India,52,81,22,0.9,1,125.83,9,0
U1748,US,45,267,15,0.52,11,105.01,3,0
U1749,India,46,67,11,0.66,11,19.13,3,1
U1750,Germany,26,588,23,0.75,1,53.04,1,1
U1751,Germany,55,225,3,0.17,9,50.32,2,0
U1752,US,23,555,3,0.59,4,138.1,3,0
U1753,India,36,488,12,0.08,2,131.49,2,1
U1754,India,28,222,24,0.5,9,61.82,8,1
U1755,India,19,425,5,0.19,2,19.96,6,1
U1756,Brazil,26,585,20,0.21,7,135.18,7,0
U1757,China,38,298,7,0.38,6,134.35,1,1
U1758,Brazil,41,131,7,0.44,0,129.66,6,0
U1759,China,51,504,13,0.61,11,128.31,2,1
U1760,India,39,568,9,0.12,12,77.24,6,1
U1761,India,20,328,21,0.5,11,34.84,3,0
U1762,Brazil,29,474,13,0.21,4,76.85,7,1
U1763,Brazil,45,304,12,0.57,8,79.24,3,0
U1764,China,47,119,13,0.62,3,78.59,9,0
U1765,Germany,43,65,24,0.55,0,85.43,3,1
U1766,China,38,466,10,0.71,7,46.07,7,1
U1767,Brazil,45,276,1,0.35,4,61.27,4,1
U1768,Brazil,43,85,8,0.74,1,70.79,8,1
U1769,US,50,64,22,0.44,14,28.36,2,0
U1770,Brazil,38,591,16,0.49,11,73.75,8,1
U1771,US,52,449,13,0.63,0,123.47,9,0
U1772,Germany,51,507,3,0.07,13,125.93,8,1
U1773,China,58,205,3,0.64,11,67.62,6,0
U1774,China,35,447,24,0.61,11,82.63,1,1
U1775,US,28,308,5,0.33,11,14.71,7,0
U1776,China,40,585,11,0.13,2,104.42,1,1
U1777,Brazil,39,521,7,0.13,8,66.64,7,1
U1778,India,34,72,21,0.88,0,72.37,2,0
U1779,US,22,443,24,0.67,3,132.31,8,1
U1780,China,28,458,10,0.16,7,74.66,2,1
U1781,US,47,78,10,0.37,7,12.97,3,1
U1782,US,32,550,20,0.58,9,41.85,3,1
U1783,India,44,478,2,0.8,11,76.59,1,0
U1784,Brazil,52,396,3,0.09,10,69.42,5,0
U1785,US,50,478,8,0.26,12,130.45,5,0
U1786,China,37,181,11,0.85,10,85.9,5,0
U1787,Germany,33,491,13,0.06,7,106.55,9,0
U1788,US,51,103,7,0.23,9,75.71,6,0
U1789,US,19,376,13,0.91,7,71.55,6,0
U1790,India,52,440,2,0.6,3,72.48,3,0
U1791,Brazil,57,204,6,0.29,7,67.53,5,0
U1792,Germany,45,386,9,0.11,8,85.4,7,1
U1793,China,56,422,20,0.08,6,45.06,3,1
U1794,Germany,23,109,2,0.27,13,134.75,2,0
U1795,China,26,124,18,0.84,11,56.63,5,1
U1796,Brazil,37,414,16,0.42,1,30.65,3,0
U1797,China,18,223,12,0.7,8,23.52,5,1
U1798,India,25,200,7,0.88,10,11.88,9,0
U1799,India,40,187,7,0.42,7,69.2,1,0
U1800,India,20,457,17,0.22,12,36.27,4,1
U1801,India,21,522,13,0.52,4,13.03,5,1
U1802,Germany,42,246,11,0.87,14,82.8,2,0
U1803,Brazil,55,249,6,0.77,11,105.2,2,1
U1804,China,32,447,23,0.11,2,22.01,1,0
U1805,China,38,488,14,0.67,6,74.53,8,0
U1806,India,52,343,6,0.56,13,114.11,2,0
U1807,India,31,296,6,0.87,13,148.01,3,0
U1808,US,53,253,2,0.16,14,103.41,2,0
U1809,Brazil,29,346,22,0.53,1,44.28,4,1
U1810,Germany,34,195,20,0.84,12,110.32,1,0
U1811,China,56,230,15,0.42,2,93.71,3,0
U1812,US,26,218,17,0.48,11,39.65,5,0
U1813,US,52,260,8,0.11,8,129.16,1,1
U1814,China,30,546,5,0.3,3,69.84,4,1
U1815,Germany,32,563,17,0.34,3,144.68,6,1
U1816,US,35,430,20,0.9,2,111.21,4,1
U1817,US,50,162,1,0.3,4,100.24,7,1
U1818,Brazil,23,184,22,0.46,2,111.97,7,1
U1819,Germany,44,372,18,0.65,8,76.93,6,1
U1820,US,40,517,15,0.2,14,80.73,9,0
U1821,Germany,44,289,5,0.49,2,129.17,2,0
U1822,China,51,256,7,0.71,1,105.33,8,1
U1823,India,55,482,18,0.83,11,135.61,8,0
U1824,US,31,230,6,0.61,4,134.72,4,0
U1825,Brazil,53,441,22,0.65,5,146.71,6,1
U1826,China,25,232,21,0.16,0,108.03,6,1
U1827,Germany,52,512,5,0.9,13,80.32,5,0
U1828,China,36,409,19,0.17,11,33.28,1,1
U1829,US,47,553,10,0.75,10,108.75,3,1
U1830,Germany,31,63,15,0.29,5,50.82,7,1
U1831,India,37,152,10,0.89,9,49.61,8,1
U1832,China,42,65,16,0.7,2,43.36,2,1
U1833,US,57,347,12,0.73,3,132.52,3,0
U1834,Brazil,41,205,18,0.25,5,131.52,4,0
U1835,Germany,31,483,23,0.45,7,98.34,5,0
U1836,China,43,516,1,0.61,14,76.22,3,1
U1837,China,55,261,16,0.74,8,104.1,5,1
U1838,India,40,271,22,0.14,5,95.01,8,1
U1839,India,39,65,6,0.92,6,68.2,8,0
U1840,Brazil,36,435,3,0.85,14,63.15,2,1
U1841,Brazil,20,506,2,0.29,13,63.59,6,0
U1842,US,59,165,2,0.79,4,92.48,4,0
U1843,US,36,460,13,0.52,13,100.67,9,0
U1844,Brazil,26,155,9,0.47,11,73.24,2,0
U1845,Brazil,45,447,16,0.33,14,145.62,8,1
U1846,Germany,37,511,5,0.57,8,21.74,1,0
U1847,India,24,475,23,0.71,3,58.59,6,0
U1848,US,31,563,21,0.42,9,68.67,1,1
U1849,India,26,513,7,0.62,10,12.37,2,0
U1850,India,36,350,13,0.68,5,61.09,3,0
U1851,Brazil,31,593,20,0.69,4,48.32,9,0
U1852,Germany,55,252,24,0.1,0,80.85,5,0
U1853,China,53,209,13,0.82,4,57.1,2,0
U1854,Germany,57,574,7,0.46,12,111.67,5,0
U1855,Germany,34,452,10,0.29,4,81.39,5,1
U1856,India,47,375,15,0.27,13,28.17,1,0
U1857,Germany,26,135,21,0.48,8,115.01,3,0
U1858,US,50,329,6,0.85,0,23.89,5,1
U1859,India,42,284,5,0.39,14,127.47,9,0
U1860,US,31,589,23,0.72,4,140.4,1,1
U1861,China,28,172,2,0.14,14,55.14,8,0
U1862,India,52,310,21,0.48,6,139.66,1,0
U1863,China,58,292,15,0.94,10,121.02,9,1
U1864,India,31,142,16,0.74,5,139.14,6,0
U1865,Brazil,47,184,19,0.24,5,103.28,1,0
U1866,Germany,58,234,9,0.5,11,42.99,8,1
U1867,Brazil,21,128,22,0.26,6,135.23,5,0
U1868,China,21,106,19,0.42,5,35.8,7,1
U1869,Germany,45,315,7,0.75,4,39.83,7,1
U1870,India,25,89,4,0.74,9,47.95,7,0
U1871,Germany,19,340,3,0.26,4,52.59,6,1
U1872,US,58,296,24,0.88,8,82.03,8,0
U1873,Germany,39,307,20,0.58,13,109.88,9,1
U1874,US,58,427,11,0.39,7,139.67,2,1
U1875,Germany,33,554,1,0.5,13,22.38,7,1
U1876,US,46,84,6,0.59,11,143.61,2,0
U1877,China,47,549,11,0.55,14,138.99,6,1
U1878,Brazil,29,553,1,0.49,9,17.56,2,0
U1879,India,52,373,21,0.5,13,60.44,6,0
U1880,Germany,28,434,7,0.21,3,123.84,2,1
U1881,Brazil,38,84,6,0.78,3,95.62,1,0
U1882,India,38,393,14,0.54,9,119.07,7,1
U1883,India,22,414,2,0.17,4,110.66,3,0
U1884,US,37,175,4,0.74,12,79.55,4,1
U1885,China,54,107,11,0.89,12,15.77,6,0
U1886,China,20,158,15,0.9,2,91.8,5,0
U1887,Brazil,50,518,18,0.38,14,16.8,4,0
U1888,China,26,582,1,0.17,7,94.52,9,1
U1889,Germany,26,464,3,0.52,6,122.06,6,0
U1890,China,21,273,3,0.15,4,91.9,6,1
U1891,Brazil,52,562,7,0.89,9,149.58,2,0
U1892,China,34,507,1,0.22,2,73.82,6,0
U1893,Germany,51,317,11,0.28,14,114.84,7,0
U1894,US,41,180,6,0.42,4,103.41,8,0
U1895,Brazil,49,113,20,0.39,2,148.8,8,1
U1896,US,18,390,3,0.77,9,109.85,9,1
U1897,US,25,300,19,0.46,4,32.96,3,0
U1898,US,40,589,2,0.2,0,143.77,7,1
U1899,India,57,542,18,0.29,5,103.49,7,1
U1900,India,29,246,12,0.51,9,18.31,1,0
U1901,US,29,321,10,0.18,3,102.06,8,0
U1902,Brazil,32,423,5,0.6,3,133.64,4,0
U1903,Germany,58,550,9,0.56,7,90.79,5,0
U1904,Germany,36,490,2,0.69,1,59.56,6,0
U1905,China,43,298,2,0.89,3,124.93,3,0
U1906,Brazil,46,363,6,0.87,14,119.55,5,1
U1907,India,39,357,10,0.9,1,86.19,5,0
U1908,US,57,135,18,0.27,0,31.61,1,0
U1909,China,38,392,12,0.17,9,45.14,3,0
U1910,Germany,55,533,4,0.32,12,113.39,3,0
U1911,India,37,342,22,0.86,12,122.85,1,0
U1912,India,46,131,21,0.92,2,49.1,7,1
U1913,US,21,322,17,0.82,11,61.52,1,0
U1914,Germany,24,71,15,0.15,7,20.87,7,1
U1915,Brazil,45,200,6,0.9,5,109.88,4,0
U1916,India,45,76,16,0.43,11,10.5,9,1
U1917,US,21,122,17,0.06,6,16.52,7,0
U1918,Brazil,39,312,3,0.45,1,10.61,5,0
U1919,Germany,29,524,10,0.09,5,100.34,7,1
U1920,India,20,435,5,0.54,13,68.43,9,0
U1921,Brazil,39,579,14,0.35,7,51.66,6,1
U1922,Brazil,19,149,21,0.48,7,137.78,1,0
U1923,Brazil,41,234,13,0.6,3,36.99,6,1
U1924,India,51,135,6,0.83,5,64.51,1,1
U1925,India,44,459,12,0.65,13,141.64,4,1
U1926,China,58,130,8,0.44,4,69.79,8,0
U1927,Germany,18,239,5,0.79,8,87.66,5,0
U1928,US,25,183,15,0.87,7,21.25,5,1
U1929,Brazil,40,440,16,0.16,1,120.62,8,1
U1930,China,55,352,1,0.53,11,69.19,8,1
U1931,US,23,254,16,0.31,12,122.07,1,0
U1932,China,39,287,5,0.09,6,45.53,5,1
U1933,India,42,490,3,0.65,6,69.15,5,0
U1934,Brazil,35,495,20,0.83,10,120.12,8,0
U1935,US,34,520,15,0.2,13,146.34,1,0
U1936,US,29,80,13,0.78,13,18.35,7,0
U1937,US,23,123,24,0.82,11,123.74,7,1
U1938,US,43,224,16,0.87,0,52.1,9,0
U1939,US,44,86,23,0.29,0,87.1,2,1
U1940,China,25,370,11,0.86,11,50.61,3,0
U1941,Brazil,36,344,21,0.34,3,95.88,4,0
U1942,India,59,340,2,0.55,4,59.53,1,0
U1943,India,18,223,22,0.1,14,56.71,7,0
U1944,India,46,283,6,0.09,3,15.31,3,0
U1945,India,52,205,6,0.7,6,30.57,3,1
U1946,China,57,89,14,0.45,2,138.39,3,1
U1947,Germany,31,104,11,0.28,6,149.76,8,0
U1948,Brazil,52,530,8,0.22,12,119.27,9,0
U1949,US,37,93,8,0.65,7,50.15,2,0
U1950,Germany,30,486,1,0.05,5,66.34,1,1
U1951,India,55,280,21,0.78,5,113.53,9,0
U1952,Germany,25,593,7,0.12,7,145.59,6,0
U1953,Brazil,37,426,6,0.22,7,73.77,9,1
U1954,US,50,175,21,0.4,6,126.13,6,1
U1955,US,43,298,8,0.49,5,146.51,2,0
U1956,Brazil,56,394,19,0.37,5,132.29,1,0
U1957,Brazil,38,500,22,0.34,9,41.8,8,1
U1958,India,59,207,21,0.92,10,11.12,3,1
U1959,US,58,68,24,0.63,12,78.89,1,1
U1960,Germany,26,347,20,0.07,12,84.39,8,1
U1961,China,41,447,8,0.44,5,38.18,1,1
U1962,China,54,109,14,0.84,7,49.85,8,1
U1963,Brazil,58,576,18,0.32,0,117.12,1,1
U1964,India,34,337,16,0.14,4,75.85,9,1
U1965,China,41,359,9,0.73,2,54.43,9,1
U1966,US,38,194,15,0.6,11,97.17,9,0
U1967,Brazil,56,206,10,0.56,7,101.39,3,0
U1968,Germany,58,549,22,0.1,10,117.72,4,1
U1969,Brazil,56,537,16,0.18,5,31.94,5,0
U1970,Germany,30,218,4,0.61,13,113.81,6,1
U1971,Brazil,28,443,20,0.24,1,93.92,9,0
U1972,Brazil,36,222,13,0.5,14,18.06,4,1
U1973,Brazil,28,500,22,0.54,12,118.84,6,0
U1974,Germany,30,248,5,0.31,6,63.63,1,1
U1975,Germany,18,474,22,0.9,6,56.25,2,1
U1976,Brazil,57,398,7,0.81,12,72.73,8,0
U1977,China,36,240,23,0.7,4,58.46,4,0
U1978,India,29,347,9,0.12,7,57.36,7,0
U1979,India,25,246,8,0.15,13,123.13,4,0
U1980,India,25,197,16,0.49,4,27.43,9,0
U1981,Germany,29,189,6,0.19,0,145.88,9,0
U1982,Germany,50,253,16,0.93,8,87.69,4,1
U1983,China,43,375,6,0.19,3,35.61,8,0
U1984,India,56,203,14,0.49,12,28.37,6,1
U1985,India,45,75,21,0.38,1,92.81,1,0
U1986,Brazil,22,361,1,0.63,3,98.62,7,1
U1987,Germany,25,482,9,0.17,13,17.42,1,0
U1988,India,42,304,24,0.44,12,44.02,3,1
U1989,China,44,166,13,0.3,8,121.36,8,1
U1990,China,40,147,19,0.85,1,16.95,9,1
U1991,India,47,188,17,0.09,3,129.71,3,0
U1992,Germany,40,400,11,0.87,1,102.14,1,1
U1993,China,37,63,8,0.8,4,70.82,1,0
U1994,Brazil,35,386,23,0.32,2,58.5,7,0
U1995,China,35,469,5,0.76,9,12.69,5,0
U1996,US,19,365,10,0.08,1,125.53,1,0
U1997,US,21,284,7,0.92,13,29.98,6,0
U1998,Germany,47,407,10,0.52,8,53.34,6,1
U1999,India,50,380,4,0.32,4,89.67,4,0
U2000,Germany,53,240,9,0.38,9,44.44,7,0
U2001,Germany,35,445,14,0.11,4,79.6,7,0
U2002,Germany,54,167,2,0.94,0,123.31,9,1
U2003,Germany,36,590,9,0.09,5,75.88,1,1
U2004,Brazil,45,469,21,0.64,12,142.86,5,0
U2005,Brazil,57,355,1,0.45,6,128.65,3,1
U2006,China,37,230,23,0.9,0,56.63,7,1
U2007,US,50,390,10,0.27,8,65.99,4,0
U2008,Germany,29,552,10,0.53,7,69.27,4,0
U2009,China,32,254,20,0.48,11,97.67,1,1
U2010,US,58,71,22,0.68,13,50.15,1,1
U2011,India,56,254,3,0.11,13,145.69,2,0
U2012,Brazil,19,549,6,0.22,7,95.22,2,0
U2013,US,46,241,6,0.24,6,65.92,1,0
U2014,India,58,375,21,0.71,4,100.3,8,1
U2015,US,27,89,2,0.22,2,65.36,6,1
U2016,Brazil,19,155,18,0.57,14,124.49,6,0
U2017,Brazil,28,440,23,0.24,11,89.5,9,0
U2018,China,30,503,2,0.83,13,15.88,5,1
U2019,Germany,27,357,12,0.9,8,34.75,4,1
U2020,US,31,420,22,0.52,13,131.1,6,1
U2021,US,35,433,5,0.37,6,88.81,8,1
U2022,India,26,362,20,0.26,10,143.05,1,1
U2023,Brazil,56,480,7,0.09,9,20.14,7,0
U2024,US,45,305,24,0.29,9,51.34,8,0
U2025,Brazil,20,296,16,0.64,7,37.1,9,0
U2026,US,37,593,20,0.53,13,87.54,8,1
U2027,China,23,244,1,0.9,5,63.59,7,0
U2028,Germany,44,527,1,0.41,11,32.02,3,0
U2029,US,19,422,17,0.67,13,99.99,2,0
U2030,Brazil,46,342,1,0.49,10,85.08,3,0
U2031,China,55,395,21,0.51,13,48.46,4,1
U2032,US,20,221,20,0.29,4,77.17,4,0
U2033,India,33,219,13,0.46,14,114.4,6,0
U2034,Germany,47,533,9,0.47,7,38.74,7,1
U2035,US,57,381,15,0.69,2,51.01,4,0
U2036,China,19,71,3,0.9,11,58.46,6,1
U2037,India,34,483,14,0.35,12,114.54,9,1
U2038,China,58,132,23,0.09,12,128.57,6,1
U2039,China,29,260,11,0.5,6,62.69,3,1
U2040,India,52,581,24,0.54,1,51.53,1,0
U2041,China,18,564,22,0.2,2,134.52,5,1
U2042,India,32,98,12,0.73,14,149.91,3,0
U2043,US,43,119,13,0.94,12,103.85,8,0
U2044,India,54,380,13,0.9,11,148.6,1,0
U2045,India,38,494,1,0.23,14,102.4,2,0
U2046,Germany,48,467,24,0.84,1,112.68,3,1
U2047,India,42,445,10,0.68,4,64.41,3,0
U2048,India,40,137,3,0.46,6,70.62,8,1
U2049,US,41,253,24,0.54,10,30.18,5,0
U2050,Germany,55,344,4,0.81,9,125.19,8,0
U2051,Brazil,45,586,16,0.48,10,140.35,6,1
U2052,US,38,583,8,0.39,10,97.28,2,0
U2053,US,35,215,16,0.49,10,58.11,4,0
U2054,Brazil,53,399,17,0.57,14,31.56,9,0
U2055,India,52,184,19,0.22,9,47.12,4,0
U2056,China,26,339,22,0.86,14,45.76,5,0
U2057,Germany,55,187,15,0.66,14,95.89,5,1
U2058,China,47,373,16,0.62,14,142.31,8,0
U2059,Brazil,51,391,15,0.14,12,16.76,6,0
U2060,US,49,209,2,0.59,13,10.14,7,0
U2061,US,20,513,11,0.16,0,94.03,6,1
U2062,Germany,20,95,1,0.12,12,49.77,5,1
U2063,US,45,479,15,0.52,9,133.28,5,1
U2064,US,32,81,19,0.41,8,55.82,3,0
U2065,Germany,58,265,4,0.58,0,50.56,7,1
U2066,Germany,40,415,11,0.13,0,47.73,5,1
U2067,Brazil,57,499,5,0.44,13,30.28,7,1
U2068,US,28,155,3,0.21,14,91.41,2,1
U2069,US,49,223,13,0.94,11,33.55,9,1
U2070,Brazil,53,207,10,0.56,9,69.45,8,0
U2071,India,50,589,11,0.67,7,74.54,5,1
U2072,India,41,353,18,0.34,5,12.87,2,1
U2073,India,56,254,2,0.14,5,12.35,6,0
U2074,Brazil,51,539,7,0.93,11,82.83,8,0
U2075,US,45,182,9,0.31,8,107.44,7,1
U2076,Brazil,54,459,10,0.43,14,141.9,8,0
U2077,Brazil,24,511,18,0.63,3,35.08,4,1
U2078,India,21,163,23,0.07,7,24.46,3,0
U2079,China,54,521,7,0.78,3,17.29,7,0
U2080,US,18,455,7,0.53,13,71.05,2,0
U2081,India,18,396,3,0.3,1,97.24,5,0
U2082,China,37,201,12,0.11,10,127.68,7,0
U2083,China,36,376,7,0.2,14,105.57,1,0
U2084,Germany,46,586,17,0.86,7,39.17,4,1
U2085,US,27,460,1,0.67,11,74.65,2,1
U2086,China,35,369,5,0.27,6,137.45,6,0
U2087,India,45,554,16,0.11,3,55.74,1,0
U2088,Germany,52,168,15,0.67,8,79.82,7,0
U2089,US,48,431,2,0.57,14,144.2,3,0
U2090,Brazil,44,265,9,0.41,8,112.86,1,0
U2091,India,28,102,7,0.38,7,114.68,8,0
U2092,China,55,304,4,0.25,13,45.33,7,0
U2093,China,22,346,20,0.65,0,68.06,2,0
U2094,India,25,414,18,0.92,6,21.53,7,0
U2095,China,51,535,21,0.21,4,94.91,3,1
U2096,Germany,29,142,4,0.59,6,24.52,9,0
U2097,US,55,169,13,0.43,11,127.03,8,1
U2098,Germany,18,249,1,0.45,8,124.04,5,1
U2099,China,48,310,24,0.28,1,84.7,7,1
U2100,Brazil,21,350,3,0.79,12,29.76,3,1
U2101,US,22,260,16,0.49,13,13.58,1,0
U2102,US,47,385,22,0.54,10,121.54,1,0
U2103,India,41,570,4,0.32,3,94.02,2,0
U2104,India,20,468,23,0.21,3,109.53,8,1
U2105,Brazil,28,567,16,0.13,1,52.53,1,1
U2106,US,21,131,19,0.69,2,81.33,5,1
U2107,Brazil,43,306,1,0.23,10,114.6,9,0
U2108,India,44,403,5,0.67,13,74.76,9,1
U2109,India,44,113,19,0.4,13,94.19,2,0
U2110,US,59,587,22,0.42,12,120.56,7,0
U2111,Germany,23,591,24,0.47,7,40.13,1,1
U2112,China,32,252,11,0.38,11,19.23,3,0
U2113,India,47,117,13,0.14,8,84.46,6,1
U2114,India,59,496,20,0.33,5,18.7,9,0
U2115,Germany,54,170,5,0.65,9,117.32,2,1
U2116,Germany,54,188,21,0.65,1,110.69,7,0
U2117,Brazil,59,385,4,0.31,1,133.44,4,1
U2118,Brazil,54,67,4,0.46,6,99.54,2,1
U2119,China,52,88,4,0.22,7,19.41,3,1
U2120,China,40,171,4,0.24,7,45.44,6,0
U2121,US,23,190,20,0.07,13,123.11,9,1
U2122,Brazil,21,247,21,0.86,5,33.4,8,0
U2123,India,35,534,18,0.24,9,107.79,9,0
U2124,Brazil,26,423,18,0.25,7,119.24,4,0
U2125,India,46,263,16,0.3,13,56.22,4,1
U2126,Germany,30,271,9,0.16,14,55.12,9,0
U2127,Brazil,34,335,18,0.63,0,88.09,8,1
U2128,Germany,49,132,22,0.12,8,130.58,2,1
U2129,China,39,302,2,0.17,12,41.35,8,0
U2130,China,21,161,21,0.63,11,141.78,1,1
U2131,US,22,230,4,0.36,0,93.88,9,0
U2132,Brazil,54,247,12,0.69,12,148.9,9,1
U2133,Germany,58,500,7,0.55,2,22.55,8,0
U2134,India,30,145,15,0.28,11,27.72,5,0
U2135,China,51,535,7,0.64,8,125.73,5,0
U2136,China,39,111,22,0.15,14,131.07,3,0
U2137,India,40,170,21,0.53,10,72.36,5,0
U2138,Germany,20,102,17,0.44,4,109.97,4,0
U2139,Germany,59,270,16,0.29,8,131.46,1,0
U2140,Brazil,51,259,19,0.59,8,16.04,9,0
U2141,Brazil,49,85,9,0.83,5,90.35,4,0
U2142,US,38,358,14,0.95,10,129.49,3,1
U2143,China,38,136,17,0.6,0,65.74,6,0
U2144,Brazil,28,196,5,0.41,9,52.33,1,1
U2145,Germany,56,79,2,0.25,6,121.4,5,1
U2146,India,21,499,20,0.28,13,57.01,7,1
U2147,Germany,18,270,16,0.48,5,10.44,2,1
U2148,China,45,494,14,0.38,8,144.34,9,0
U2149,Germany,41,266,14,0.87,6,92.9,6,1
U2150,US,52,498,1,0.38,13,124.73,2,0
U2151,China,30,101,3,0.39,11,125.54,8,1
U2152,India,51,470,7,0.4,10,19.3,8,1
U2153,US,28,582,15,0.8,11,33.92,1,0
U2154,China,53,486,19,0.64,12,53.56,1,1
U2155,India,34,334,20,0.6,3,54.9,1,0
U2156,US,52,507,2,0.35,6,102.23,4,0
U2157,US,35,428,19,0.79,1,97.24,4,0
U2158,China,57,279,9,0.08,5,79.24,8,1
U2159,Brazil,39,291,19,0.83,14,39.58,1,1
U2160,US,41,387,5,0.51,5,63.48,3,1
U2161,US,36,502,18,0.41,1,86.1,1,0
U2162,India,54,111,16,0.5,13,75.52,9,0
U2163,Germany,56,435,4,0.65,3,27.82,9,1
U2164,China,38,322,12,0.06,7,100.93,7,0
U2165,China,25,326,7,0.83,7,20.23,8,1
U2166,Brazil,45,418,14,0.45,12,62.95,1,0
U2167,Brazil,22,376,23,0.36,7,109.4,5,0
U2168,China,34,383,12,0.17,7,12.8,2,0
U2169,Brazil,54,480,3,0.45,0,89.8,1,1
U2170,India,53,105,5,0.5,1,56.83,3,0
U2171,China,36,328,17,0.41,11,11.24,7,0
U2172,Brazil,44,440,10,0.66,14,36.65,1,0
U2173,China,51,177,10,0.43,3,141.73,2,0
U2174,Germany,28,175,11,0.92,11,82.96,2,0
U2175,US,29,319,17,0.59,8,149.61,4,0
U2176,China,38,134,5,0.78,2,83.47,3,1
U2177,US,28,539,13,0.15,13,86.15,3,0
U2178,Brazil,56,364,10,0.41,5,64.86,5,1
U2179,US,45,66,9,0.35,6,53.41,3,1
U2180,China,22,425,17,0.56,7,45.22,7,0
U2181,Germany,34,582,1,0.83,12,58.08,5,0
U2182,Brazil,37,407,4,0.12,6,74.38,4,1
U2183,China,58,497,4,0.12,2,36.88,3,0
U2184,Brazil,29,274,18,0.82,5,41.48,4,0
U2185,India,23,488,9,0.24,4,48.02,2,0
U2186,US,34,557,18,0.65,14,72.9,1,1
U2187,India,36,599,14,0.54,12,101.39,3,1
U2188,China,43,426,15,0.8,11,129.86,2,1
U2189,Germany,49,372,6,0.16,9,50.2,1,1
U2190,Brazil,23,597,24,0.17,3,35.72,1,0
U2191,US,53,113,10,0.55,0,63.04,2,0
U2192,Brazil,55,526,15,0.9,13,135.21,9,0
U2193,China,28,223,4,0.42,12,11.38,5,0
U2194,Brazil,50,393,18,0.34,6,104.9,9,0
U2195,US,41,407,18,0.6,7,76.8,8,0
U2196,China,40,332,17,0.89,1,32.55,6,0
U2197,Brazil,32,473,12,0.8,6,54.94,1,0
U2198,Germany,44,559,7,0.95,5,41.49,5,0
U2199,China,28,152,16,0.07,4,132.9,1,1
U2200,China,34,138,11,0.15,12,77.46,7,1
U2201,Germany,31,276,14,0.6,3,88.83,8,1
U2202,India,44,417,3,0.79,1,93.12,8,0
U2203,US,35,566,19,0.31,9,99.55,7,0
U2204,India,45,240,18,0.27,5,79.38,2,0
U2205,Brazil,21,305,10,0.76,4,12.5,5,0
U2206,Germany,24,303,6,0.1,1,56.86,4,0
U2207,India,52,565,13,0.38,9,35.74,5,1
U2208,China,26,481,10,0.51,6,105.22,9,1
U2209,Brazil,25,379,18,0.55,5,17.94,4,0
U2210,Brazil,34,146,20,0.71,11,88.93,8,0
U2211,India,34,276,16,0.37,14,39.49,8,0
U2212,India,50,549,6,0.6,14,142.84,2,0
U2213,Germany,49,578,13,0.58,10,56.98,6,0
U2214,US,25,337,4,0.54,8,55.53,5,0
U2215,India,36,228,23,0.63,10,139.27,2,0
U2216,India,55,389,14,0.28,9,68.43,4,0
U2217,China,20,500,1,0.13,4,144.8,7,0
U2218,Brazil,22,450,20,0.16,8,13.38,1,0
U2219,US,30,555,5,0.25,8,52.89,9,0
U2220,China,48,440,8,0.5,12,103.27,1,1
U2221,Germany,33,365,12,0.81,0,134.72,5,0
U2222,Germany,49,572,2,0.68,4,45.9,7,1
U2223,India,39,247,12,0.76,8,140.27,8,1
U2224,India,46,575,5,0.37,6,93.18,2,1
U2225,Germany,39,486,22,0.41,5,122.14,4,1
U2226,India,20,561,5,0.4,5,65.61,2,1
U2227,US,27,319,13,0.22,10,39.71,4,1
U2228,India,59,572,9,0.11,6,137.57,6,0
U2229,Brazil,38,130,10,0.58,0,140.64,6,0
U2230,India,33,537,1,0.94,3,79.66,2,1
U2231,China,29,237,3,0.2,12,10.91,4,1
U2232,US,19,516,18,0.09,14,25.37,4,1
U2233,China,58,248,12,0.75,0,90.22,1,1
U2234,China,41,350,3,0.28,5,13.33,2,1
U2235,Brazil,52,579,9,0.8,13,65.57,3,1
U2236,US,47,351,2,0.68,12,52.47,5,1
U2237,US,47,342,3,0.9,3,110.01,8,1
U2238,US,52,436,14,0.42,0,17.78,6,1
U2239,US,36,215,4,0.65,8,78.42,3,1
U2240,US,25,567,19,0.47,11,91.08,6,1
U2241,Brazil,43,472,13,0.62,3,96.42,7,1
U2242,India,57,587,7,0.45,11,66.72,6,0
U2243,China,24,414,12,0.22,5,52.61,6,0
U2244,US,47,246,3,0.51,12,105.55,1,1
U2245,India,24,90,23,0.53,6,128.66,3,1
U2246,India,20,319,23,0.78,7,107.11,7,0
U2247,China,18,480,9,0.71,11,140.49,4,0
U2248,Brazil,53,588,2,0.65,12,110.42,4,1
U2249,Germany,42,363,22,0.15,10,117.05,7,1
U2250,Germany,54,98,9,0.7,8,33.51,9,1
U2251,India,18,548,12,0.5,8,68.74,2,1
U2252,China,32,337,12,0.85,7,77.91,9,0
U2253,Germany,54,262,15,0.88,9,45.88,3,0
U2254,India,30,125,2,0.1,10,84.0,6,0
U2255,Brazil,57,167,18,0.79,14,50.71,4,1
U2256,Germany,25,327,13,0.08,11,106.25,1,0
U2257,India,22,281,14,0.38,11,75.84,9,1
U2258,India,26,589,5,0.54,14,74.23,6,0
U2259,US,18,149,10,0.18,13,147.71,8,1
U2260,Brazil,53,314,12,0.72,2,64.94,2,1
U2261,US,52,514,10,0.06,11,60.72,7,0
U2262,China,19,312,24,0.2,1,54.6,6,1
U2263,US,57,316,11,0.57,4,135.26,2,0
U2264,US,40,442,2,0.69,0,79.54,2,0
U2265,Germany,26,501,5,0.87,2,94.0,4,0
U2266,India,51,149,7,0.68,0,35.31,4,0
U2267,Brazil,31,449,6,0.65,12,85.73,3,1
U2268,US,21,103,22,0.4,2,48.45,8,0
U2269,Brazil,47,78,23,0.05,12,112.29,7,0
U2270,US,48,160,3,0.16,3,126.55,2,0
U2271,China,55,416,13,0.53,6,110.07,3,1
U2272,US,28,92,3,0.66,11,112.23,9,1
U2273,Germany,52,288,24,0.43,14,81.75,5,0
U2274,India,25,583,21,0.71,11,109.7,2,0
U2275,China,20,214,6,0.52,4,69.18,3,1
U2276,US,31,482,11,0.12,4,101.21,8,1
U2277,Brazil,30,305,17,0.22,12,46.27,4,0
U2278,China,49,464,10,0.81,0,19.77,2,1
U2279,China,51,220,12,0.7,7,67.89,2,1
U2280,US,36,176,17,0.86,12,74.65,6,1
U2281,China,55,330,4,0.16,3,45.9,8,1
U2282,Brazil,33,546,2,0.94,9,111.88,7,1
U2283,China,19,231,11,0.24,4,20.3,4,0
U2284,Brazil,57,333,7,0.06,1,41.18,2,1
U2285,US,34,318,2,0.95,14,114.8,9,0
U2286,India,51,194,18,0.3,11,71.2,4,1
U2287,China,59,481,21,0.65,12,108.74,9,0
U2288,India,33,480,4,0.21,0,89.45,5,0
U2289,Brazil,55,245,8,0.57,8,143.1,7,1
U2290,China,19,423,20,0.86,14,93.69,5,1
U2291,Germany,19,437,14,0.34,1,12.08,2,0
U2292,India,43,582,12,0.65,5,59.4,6,0
U2293,China,30,255,22,0.22,0,30.03,7,0
U2294,India,48,157,21,0.61,0,139.45,6,1
U2295,China,51,81,18,0.35,8,24.56,3,1
U2296,US,56,509,11,0.24,3,64.28,8,0
U2297,India,20,231,8,0.33,8,41.65,3,1
U2298,Germany,25,442,2,0.21,10,128.54,5,1
U2299,Germany,40,193,15,0.86,4,53.2,9,0
U2300,Brazil,31,485,9,0.41,6,148.87,5,1
U2301,China,44,84,19,0.27,0,15.41,7,0
U2302,India,46,562,20,0.45,5,27.96,7,1
U2303,Brazil,56,244,8,0.34,7,41.45,5,0
U2304,India,56,144,19,0.72,13,123.55,2,0
U2305,China,18,203,5,0.92,0,132.99,5,0
U2306,Germany,34,471,11,0.44,8,20.0,7,0
U2307,US,58,283,15,0.82,2,14.54,7,1
U2308,Germany,47,279,8,0.56,0,114.24,4,0
U2309,Brazil,30,238,19,0.19,0,28.67,1,0
U2310,US,38,492,23,0.67,12,28.62,6,1
U2311,Brazil,36,324,8,0.51,13,13.13,3,0
U2312,China,36,488,19,0.64,10,16.97,5,0
U2313,US,42,475,18,0.85,5,46.91,4,1
U2314,Brazil,39,512,10,0.45,10,19.1,2,1
U2315,China,48,256,7,0.86,5,61.64,7,0
U2316,Germany,34,112,9,0.73,0,126.59,5,0
U2317,China,40,539,1,0.49,13,55.68,7,1
U2318,India,49,502,19,0.59,13,111.9,9,0
U2319,China,27,389,5,0.34,2,23.15,4,0
U2320,China,27,310,19,0.94,6,102.31,5,0
U2321,India,53,182,1,0.65,9,54.34,9,0
U2322,Brazil,25,446,15,0.09,2,114.97,4,1
U2323,Brazil,37,398,16,0.34,2,29.08,5,1
U2324,China,49,407,23,0.61,2,135.7,5,1
U2325,India,31,88,7,0.1,11,43.96,8,1
U2326,India,45,94,12,0.07,6,59.44,4,0
U2327,Germany,41,577,8,0.46,3,143.03,4,0
U2328,Brazil,32,455,5,0.35,3,90.99,7,1
U2329,US,39,353,10,0.44,2,61.21,5,0
U2330,Brazil,47,408,21,0.29,9,142.94,6,0
U2331,Brazil,21,206,5,0.2,10,56.07,6,1
U2332,Germany,30,126,17,0.67,8,23.28,6,0
U2333,US,40,579,5,0.51,1,149.56,5,0
U2334,Germany,25,181,22,0.23,3,47.5,5,1
U2335,US,35,399,15,0.34,7,129.18,9,1
U2336,China,29,234,13,0.58,5,33.18,8,0
U2337,US,48,510,1,0.12,13,112.39,4,1
U2338,Germany,31,195,11,0.18,6,83.42,7,0
U2339,Brazil,51,75,23,0.12,12,147.33,8,1
U2340,US,35,392,1,0.78,6,87.4,9,1
U2341,US,51,254,11,0.73,1,13.5,5,1
U2342,India,28,555,18,0.73,3,94.54,3,0
U2343,Brazil,58,68,18,0.69,9,30.34,4,0
U2344,China,29,393,21,0.65,9,121.8,6,0
U2345,Germany,32,392,16,0.48,5,129.92,5,1
U2346,China,48,386,13,0.63,2,77.49,9,0
U2347,Brazil,46,74,7,0.08,8,119.65,3,0
U2348,US,43,285,1,0.61,12,30.32,2,0
U2349,US,35,484,16,0.75,3,78.89,6,0
U2350,Brazil,49,467,1,0.5,9,65.15,7,0
U2351,US,39,172,17,0.37,12,95.58,5,1
U2352,US,55,487,6,0.3,1,16.23,1,0
U2353,US,34,60,2,0.63,5,115.3,3,0
U2354,Germany,40,325,17,0.67,0,21.08,3,1
U2355,Germany,41,550,6,0.83,5,101.91,4,1
U2356,India,25,267,14,0.36,12,12.58,6,0
U2357,China,58,428,18,0.74,11,126.46,5,0
U2358,Brazil,23,365,6,0.56,9,34.46,1,1
U2359,Brazil,22,71,10,0.84,0,82.17,6,0
U2360,Brazil,46,404,24,0.53,13,46.61,9,1
U2361,India,45,524,18,0.52,7,111.17,1,0
U2362,Germany,28,553,9,0.57,4,54.99,8,0
U2363,India,18,427,8,0.72,5,111.45,8,0
U2364,Brazil,36,479,10,0.92,1,49.88,3,1
U2365,China,26,230,17,0.12,1,115.35,9,1
U2366,US,44,193,23,0.1,11,14.28,8,0
U2367,Germany,51,486,6,0.89,8,49.66,3,0
U2368,Germany,21,84,14,0.53,2,79.81,5,0
U2369,India,53,589,22,0.6,5,16.31,3,0
U2370,Germany,35,249,22,0.48,9,36.04,5,1
U2371,Brazil,32,200,6,0.13,4,140.84,9,0
U2372,Brazil,30,374,7,0.74,13,146.76,4,1
U2373,India,36,503,12,0.72,11,113.56,6,1
U2374,Brazil,23,378,3,0.33,3,45.31,3,1
U2375,China,29,500,14,0.33,9,46.47,3,1
U2376,India,54,151,22,0.8,1,100.41,5,0
U2377,China,34,238,19,0.12,7,26.46,8,0
U2378,US,40,115,23,0.84,9,142.76,8,0
U2379,China,43,214,16,0.28,6,41.47,3,0
U2380,US,46,170,7,0.58,10,149.95,8,1
U2381,US,50,196,8,0.89,1,79.4,8,0
U2382,China,44,291,18,0.66,5,118.0,3,1
U2383,India,42,527,13,0.42,13,10.31,2,0
U2384,Brazil,27,540,21,0.67,7,134.42,2,1
U2385,Brazil,40,127,9,0.36,6,47.8,9,1
U2386,US,38,308,10,0.3,14,103.51,7,1
U2387,US,38,382,21,0.95,0,122.89,6,0
U2388,India,30,577,23,0.73,4,32.98,7,0
U2389,Germany,54,491,9,0.63,1,71.95,8,0
U2390,China,50,546,15,0.37,5,79.14,1,0
U2391,US,41,488,20,0.09,6,53.7,8,0
U2392,Brazil,28,328,2,0.08,13,77.45,3,1
U2393,India,34,596,13,0.55,13,54.46,3,0
U2394,China,21,207,2,0.74,6,60.5,6,0
U2395,India,42,177,19,0.53,2,103.71,4,1
U2396,China,47,426,2,0.81,6,98.56,4,0
U2397,China,26,125,3,0.08,14,42.52,4,0
U2398,US,38,429,6,0.38,4,135.65,9,1
U2399,India,37,234,3,0.26,7,130.79,8,0
U2400,India,36,554,10,0.45,14,81.27,3,1
U2401,Brazil,36,173,24,0.12,11,70.66,1,0
U2402,Brazil,29,170,6,0.91,7,62.76,1,1
U2403,US,54,498,23,0.25,6,109.02,1,0
U2404,US,59,206,16,0.88,5,104.03,4,0
U2405,Germany,34,94,17,0.43,1,37.47,6,0
U2406,Brazil,54,368,19,0.94,5,104.0,4,0
U2407,China,56,597,3,0.55,12,45.34,3,0
U2408,India,45,73,18,0.89,11,12.6,8,0
U2409,US,58,433,7,0.05,14,107.89,8,0
U2410,India,52,487,9,0.72,10,100.27,6,0
U2411,India,35,292,20,0.86,8,67.51,9,0
U2412,Germany,31,499,12,0.18,14,83.6,1,1
U2413,Brazil,52,561,5,0.14,1,142.6,8,1
U2414,US,58,334,3,0.43,0,93.33,6,0
U2415,India,24,135,11,0.89,10,102.1,1,0
U2416,US,58,498,4,0.54,12,18.95,4,1
U2417,China,30,348,5,0.52,4,33.24,5,1
U2418,Germany,35,599,1,0.18,10,52.13,7,0
U2419,China,54,312,18,0.05,5,85.51,8,0
U2420,US,30,185,12,0.78,2,118.72,9,0
U2421,US,53,236,13,0.13,7,54.97,6,0
U2422,Brazil,48,96,9,0.62,6,59.89,9,1
U2423,India,19,469,2,0.87,1,45.86,4,0
U2424,India,33,186,5,0.24,11,45.65,8,1
U2425,China,26,542,13,0.65,6,142.84,3,0
U2426,Germany,26,227,16,0.12,14,98.96,4,0
U2427,India,55,353,16,0.59,14,31.83,4,1
U2428,Brazil,28,402,24,0.2,0,111.11,6,0
U2429,China,39,369,3,0.71,8,111.08,9,0
U2430,China,50,587,22,0.32,12,103.31,6,1
U2431,Brazil,53,599,4,0.47,6,28.86,1,1
U2432,Germany,40,478,11,0.59,5,67.12,5,1
U2433,Brazil,51,503,23,0.2,12,24.95,9,0
U2434,Germany,26,295,14,0.72,1,124.33,5,0
U2435,Brazil,41,498,3,0.32,2,101.72,6,1
U2436,Brazil,25,273,16,0.65,0,81.01,3,1
U2437,US,24,144,22,0.19,14,58.02,8,1
U2438,China,53,144,15,0.67,9,35.79,4,0
U2439,Brazil,35,548,10,0.17,12,24.9,4,0
U2440,Brazil,20,124,9,0.43,4,145.69,5,1
U2441,India,45,123,11,0.27,8,37.95,9,0
U2442,China,23,402,16,0.72,12,18.38,8,0
U2443,India,38,411,10,0.29,5,144.63,7,0
U2444,China,45,217,17,0.84,4,86.85,5,0
U2445,India,57,550,19,0.85,11,121.53,9,0
U2446,Brazil,18,522,2,0.23,2,16.13,9,0
U2447,Brazil,53,284,24,0.6,4,89.37,2,0
U2448,US,38,372,23,0.13,7,65.75,4,1
U2449,India,52,525,2,0.4,11,118.08,8,0
U2450,Germany,30,147,6,0.69,1,15.38,1,1
U2451,US,27,362,19,0.64,4,66.24,5,0
U2452,India,27,494,8,0.61,5,121.87,8,1
U2453,India,30,194,3,0.3,9,83.18,2,0
U2454,US,54,109,14,0.39,7,87.01,2,1
U2455,Brazil,55,491,16,0.14,7,23.6,8,1
U2456,India,41,399,1,0.7,14,28.53,9,1
U2457,Brazil,19,406,21,0.5,4,104.78,7,1
U2458,US,39,406,3,0.69,8,104.51,8,0
U2459,Brazil,34,304,22,0.27,3,147.07,5,1
U2460,China,53,168,18,0.34,11,109.67,1,1
U2461,Germany,31,592,9,0.35,8,79.05,4,1
U2462,India,27,149,6,0.07,10,130.03,2,0
U2463,Germany,52,355,23,0.36,6,24.63,3,1
U2464,Brazil,42,171,21,0.77,5,72.9,3,0
U2465,India,20,236,1,0.86,3,50.2,9,0
U2466,Brazil,55,402,21,0.52,1,24.65,4,0
U2467,China,34,160,10,0.46,7,116.89,2,0
U2468,US,29,460,6,0.08,5,81.51,3,1
U2469,India,41,87,23,0.84,11,87.95,3,1
U2470,China,46,596,12,0.06,14,67.58,7,1
U2471,China,42,117,4,0.9,2,74.45,8,1
U2472,India,53,557,13,0.49,6,26.24,6,0
U2473,Brazil,43,356,17,0.36,9,104.21,4,1
U2474,China,55,193,8,0.88,6,70.54,6,0
U2475,Germany,18,390,20,0.07,5,124.35,1,1
U2476,China,37,308,3,0.57,1,37.48,8,1
U2477,Brazil,45,134,12,0.54,7,38.71,1,1
U2478,Brazil,33,227,7,0.25,0,100.41,5,0
U2479,Germany,34,562,12,0.44,12,128.44,2,1
U2480,China,57,414,2,0.64,0,76.11,6,0
U2481,Brazil,45,284,24,0.7,5,111.77,9,0
U2482,India,29,590,14,0.05,4,149.91,5,1
U2483,US,44,205,22,0.89,8,148.64,4,0
U2484,US,59,300,23,0.2,12,114.21,2,1
U2485,US,47,403,5,0.26,11,113.54,3,0
U2486,China,58,94,9,0.29,6,44.67,6,0
U2487,Germany,51,60,21,0.08,1,126.7,8,1
U2488,Brazil,54,212,11,0.16,12,66.71,8,0
U2489,India,23,488,5,0.94,11,144.68,5,0
U2490,India,24,567,3,0.33,6,21.4,5,0
U2491,China,49,185,17,0.15,14,71.02,3,0
U2492,US,49,550,2,0.15,2,87.82,7,1
U2493,China,42,541,24,0.7,0,66.72,6,0
U2494,Germany,50,404,1,0.82,10,39.48,1,1
U2495,Germany,24,280,7,0.28,7,93.02,4,1
U2496,Brazil,29,84,14,0.07,13,115.83,6,0
U2497,Brazil,33,587,5,0.25,11,100.28,6,1
U2498,Germany,33,241,19,0.1,2,42.82,3,1
U2499,Germany,53,558,11,0.14,10,112.43,6,0
U2500,Germany,30,101,23,0.44,7,45.97,6,0
U2501,China,24,540,2,0.26,6,34.53,9,0
U2502,Germany,53,498,8,0.51,11,106.69,9,1
U2503,India,26,461,9,0.28,14,127.99,2,1
U2504,US,49,404,3,0.9,1,77.42,4,0
U2505,Germany,28,104,2,0.87,12,84.39,9,1
U2506,US,25,80,7,0.56,13,52.38,4,1
U2507,China,50,129,5,0.37,13,79.25,8,1
U2508,US,40,107,21,0.39,0,28.48,3,1
U2509,China,42,550,5,0.42,6,143.82,3,0
U2510,India,25,346,20,0.7,12,122.05,9,1
U2511,China,39,69,13,0.46,0,103.52,8,1
U2512,China,21,333,21,0.82,5,85.35,1,1
U2513,Brazil,57,440,20,0.9,12,120.9,2,0
U2514,Germany,20,388,6,0.35,10,79.27,3,0
U2515,Germany,46,538,20,0.55,9,52.0,2,1
U2516,India,58,74,18,0.14,10,32.45,3,0
U2517,India,46,575,2,0.23,9,100.66,8,1
U2518,Germany,51,250,6,0.42,7,140.12,6,0
U2519,Brazil,51,227,9,0.24,6,31.51,7,1
U2520,Germany,45,580,3,0.84,3,35.2,6,1
U2521,Brazil,30,196,1,0.19,0,70.7,1,1
U2522,India,32,213,1,0.46,0,122.97,3,0
U2523,US,40,447,19,0.6,3,51.15,1,1
U2524,India,43,268,5,0.67,4,45.55,9,1
U2525,India,21,331,13,0.39,11,96.8,9,1
U2526,China,43,202,19,0.83,6,84.99,5,0
U2527,China,57,128,12,0.56,13,18.43,4,1
U2528,China,26,306,16,0.45,3,21.41,9,0
U2529,China,22,320,19,0.11,9,100.02,9,0
U2530,Brazil,49,138,3,0.47,13,75.12,3,0
U2531,Germany,37,584,12,0.79,11,145.94,5,0
U2532,US,28,389,5,0.6,0,104.99,3,1
U2533,India,32,248,2,0.8,10,11.41,2,0
U2534,Brazil,49,154,22,0.49,9,77.34,1,0
U2535,US,45,67,7,0.16,6,68.02,2,1
U2536,Brazil,39,126,13,0.06,1,24.94,8,0
U2537,Brazil,58,555,15,0.32,12,139.25,8,1
U2538,India,34,250,22,0.68,10,122.7,3,0
U2539,Germany,43,425,3,0.76,1,42.21,7,0
U2540,China,24,580,21,0.32,7,45.84,7,0
U2541,Germany,59,176,20,0.5,11,14.48,2,1
U2542,India,43,326,5,0.43,9,51.54,9,0
U2543,India,42,544,24,0.42,9,91.85,3,1
U2544,India,27,568,8,0.26,9,68.92,2,0
U2545,US,36,357,22,0.17,4,145.7,3,0
U2546,Germany,28,223,1,0.23,9,17.85,2,1
U2547,Germany,30,435,8,0.1,1,92.8,8,0
U2548,Brazil,25,327,24,0.23,4,130.16,5,1
U2549,Brazil,57,133,18,0.06,7,77.3,3,0
U2550,Brazil,21,567,20,0.61,5,10.41,5,0
U2551,India,48,132,16,0.33,2,43.99,8,1
U2552,Germany,45,367,18,0.93,7,55.33,7,1
U2553,India,28,258,20,0.22,14,145.24,6,0
U2554,US,18,189,12,0.36,13,137.65,1,1
U2555,Brazil,55,546,13,0.37,8,142.88,1,0
U2556,India,41,210,13,0.06,4,125.61,1,1
U2557,India,48,265,10,0.81,12,59.23,8,1
U2558,US,58,238,7,0.08,1,136.82,8,0
U2559,China,43,256,14,0.9,1,147.44,7,0
U2560,Germany,22,148,24,0.85,6,59.01,6,0
U2561,China,37,493,16,0.53,0,46.48,4,0
U2562,Brazil,58,242,15,0.54,9,86.57,1,0
U2563,India,28,268,12,0.64,11,36.2,9,1
U2564,US,50,552,9,0.4,1,14.57,1,1
U2565,US,55,189,8,0.63,9,142.42,4,0
U2566,Germany,44,72,18,0.09,3,139.6,3,0
U2567,China,51,165,23,0.1,0,32.77,7,1
U2568,Germany,32,434,18,0.46,3,67.08,5,1
U2569,India,49,158,13,0.54,12,126.35,5,0
U2570,Germany,38,251,18,0.85,11,102.54,4,0
U2571,US,22,384,15,0.14,10,65.27,1,0
U2572,US,23,526,4,0.79,12,114.18,5,0
U2573,Brazil,55,426,17,0.24,9,135.59,4,0
U2574,Brazil,39,377,5,0.4,14,139.66,8,0
U2575,India,35,203,22,0.33,4,63.04,2,0
U2576,China,31,443,16,0.41,8,34.3,8,1
U2577,Germany,27,275,9,0.19,0,137.8,1,0
U2578,India,30,420,10,0.5,11,22.96,4,1
U2579,Brazil,48,383,24,0.77,4,111.04,3,0
U2580,Germany,47,74,18,0.45,1,29.67,5,1
U2581,Brazil,20,276,17,0.49,8,64.51,5,1
U2582,Germany,47,551,18,0.81,5,67.62,5,0
U2583,China,23,242,7,0.69,1,32.23,4,0
U2584,India,46,329,4,0.49,13,139.18,8,1
U2585,Germany,25,526,5,0.28,2,10.37,3,0
U2586,US,50,578,23,0.85,13,135.13,4,0
U2587,US,34,526,16,0.57,7,133.74,1,0
U2588,Germany,28,364,3,0.25,0,54.37,7,1
U2589,Germany,30,203,18,0.29,11,108.6,1,1
U2590,Germany,28,170,23,0.77,2,45.39,2,1
U2591,US,48,291,21,0.09,12,116.23,7,1
U2592,US,45,559,14,0.94,9,88.56,1,1
U2593,Germany,23,332,15,0.17,0,52.03,3,1
U2594,Brazil,58,232,17,0.77,10,66.03,6,1
U2595,Brazil,33,66,1,0.41,10,106.58,6,0
U2596,China,21,214,21,0.49,7,136.85,6,0
U2597,India,52,581,17,0.84,0,28.3,2,1
U2598,Brazil,43,577,23,0.42,12,89.99,2,0
U2599,US,29,274,11,0.53,4,45.52,6,0
U2600,Brazil,28,193,17,0.09,3,122.19,5,0
U2601,China,54,344,14,0.05,6,19.83,7,1
U2602,China,42,185,20,0.27,13,106.45,7,1
U2603,India,35,498,19,0.66,4,34.49,5,0
U2604,Brazil,36,211,21,0.16,7,93.49,8,1
U2605,US,40,390,7,0.15,11,127.0,6,1
U2606,US,55,597,24,0.42,13,115.71,5,1
U2607,Germany,35,442,13,0.63,10,115.41,4,0
U2608,US,43,174,18,0.69,0,82.5,7,0
U2609,India,23,541,23,0.21,4,134.7,4,0
U2610,India,21,343,14,0.12,3,92.33,5,0
U2611,US,46,134,1,0.9,2,138.45,5,1
U2612,US,51,225,7,0.28,4,86.51,1,0
U2613,Germany,34,248,8,0.82,9,80.84,1,1
U2614,US,33,137,18,0.83,14,41.13,3,0
U2615,Germany,19,80,9,0.75,2,86.27,3,0
U2616,Germany,51,243,1,0.2,7,29.68,2,1
U2617,US,25,281,22,0.79,12,131.76,2,0
U2618,China,30,387,17,0.74,2,104.62,6,0
U2619,China,59,238,19,0.59,0,149.11,1,1
U2620,Germany,25,171,6,0.35,8,22.89,6,1
U2621,US,47,118,3,0.29,14,43.69,5,1
U2622,China,49,386,24,0.16,8,132.8,6,1
U2623,US,53,250,5,0.51,5,65.34,5,0
U2624,US,47,259,2,0.58,9,75.28,7,0
U2625,US,18,371,20,0.37,0,130.49,1,1
U2626,Brazil,56,94,4,0.48,7,83.06,3,0
U2627,US,34,438,10,0.38,1,37.09,6,0
U2628,Brazil,37,446,10,0.63,8,134.88,1,1
U2629,Germany,41,296,24,0.86,13,14.35,7,0
U2630,China,39,578,21,0.2,7,135.36,4,0
U2631,China,46,342,11,0.39,2,17.07,3,1
U2632,China,39,60,16,0.18,12,103.22,9,0
U2633,China,26,523,17,0.61,4,20.04,1,0
U2634,China,54,289,16,0.71,8,108.87,8,1
U2635,China,27,231,7,0.89,12,14.76,1,1
U2636,China,53,146,16,0.3,0,127.94,5,1
U2637,Germany,54,182,3,0.91,8,75.23,8,1
U2638,US,45,357,16,0.11,14,23.08,6,1
U2639,India,45,543,8,0.59,3,108.95,7,1
U2640,Brazil,59,224,12,0.1,3,78.5,8,0
U2641,India,38,442,3,0.85,14,36.73,6,0
U2642,India,41,268,17,0.53,3,12.19,6,0
U2643,US,59,491,21,0.65,9,68.52,6,1
U2644,US,57,448,18,0.8,11,21.99,5,1
U2645,US,19,283,11,0.19,8,23.18,8,1
U2646,China,25,62,4,0.08,13,47.43,2,1
U2647,Germany,44,431,16,0.84,5,98.26,7,1
U2648,China,39,505,17,0.33,10,84.19,4,0
U2649,Germany,54,175,9,0.17,7,19.66,1,1
U2650,Germany,44,329,6,0.47,11,145.58,5,1
U2651,India,46,506,24,0.59,13,134.2,3,0
U2652,India,20,427,20,0.08,3,46.29,4,0
U2653,Germany,30,312,2,0.3,2,27.13,7,1
U2654,Germany,27,376,9,0.08,13,141.94,5,0
U2655,China,53,474,21,0.43,0,74.56,4,0
U2656,China,26,154,6,0.86,9,53.56,1,1
U2657,India,44,83,3,0.93,14,78.65,6,1
U2658,US,51,109,20,0.62,14,118.18,6,0
U2659,Germany,18,561,6,0.2,6,33.57,7,1
U2660,China,49,557,7,0.87,3,117.45,1,0
U2661,India,42,394,1,0.51,13,114.92,4,0
U2662,China,46,138,23,0.19,7,85.51,9,0
U2663,Germany,24,86,1,0.88,13,131.22,6,1
U2664,Germany,20,330,5,0.73,2,28.5,2,1
U2665,Brazil,37,306,6,0.71,0,93.37,4,1
U2666,US,37,446,13,0.69,4,72.91,6,1
U2667,Brazil,47,420,2,0.23,13,69.12,4,0
U2668,India,52,547,15,0.24,1,45.36,7,0
U2669,China,52,411,15,0.67,2,62.12,3,1
U2670,India,56,315,13,0.25,13,25.14,6,0
U2671,Germany,44,281,14,0.44,5,45.22,4,1
U2672,Brazil,43,60,22,0.75,2,48.08,3,1
U2673,Brazil,31,505,7,0.76,2,110.89,3,1
U2674,Brazil,34,138,14,0.46,11,16.8,2,0
U2675,India,35,295,24,0.76,5,101.17,3,0
U2676,Germany,46,393,10,0.8,4,41.0,1,0
U2677,China,37,408,17,0.64,9,21.46,3,0
U2678,China,44,157,14,0.26,8,52.11,9,1
U2679,India,35,141,8,0.3,0,41.43,4,0
U2680,Brazil,21,561,4,0.33,12,87.28,3,0
U2681,US,18,536,16,0.16,2,60.03,8,0
U2682,India,18,73,24,0.3,2,145.24,1,0
U2683,India,43,451,13,0.24,10,144.9,5,1
U2684,Germany,37,406,22,0.46,5,72.12,1,0
U2685,China,40,369,20,0.87,7,121.31,7,0
U2686,India,27,445,18,0.14,2,11.86,5,0
U2687,India,28,268,14,0.7,2,86.69,2,0
U2688,Brazil,58,416,18,0.67,5,114.06,1,0
U2689,Brazil,58,153,5,0.14,7,40.37,7,0
U2690,US,22,152,9,0.88,5,18.56,1,0
U2691,Germany,18,399,3,0.56,12,31.83,3,1
U2692,US,34,504,8,0.38,11,71.86,6,1
U2693,Brazil,39,81,20,0.73,13,80.89,6,1
U2694,China,51,350,22,0.28,9,63.32,7,0
U2695,Brazil,58,544,10,0.67,2,71.6,1,1
U2696,Germany,46,365,22,0.09,3,75.83,7,1
U2697,Brazil,21,187,19,0.81,0,117.72,2,0
U2698,Germany,22,332,21,0.45,12,24.73,6,1
U2699,Germany,28,501,3,0.62,7,117.65,8,0
U2700,Germany,38,562,11,0.25,3,106.41,5,0
U2701,Germany,52,189,11,0.66,5,113.83,3,1
U2702,Germany,29,191,17,0.75,10,112.83,8,0
U2703,China,43,541,16,0.48,2,75.88,8,0
U2704,US,36,449,7,0.61,10,39.6,4,0
U2705,India,24,384,4,0.46,11,85.13,8,0
U2706,US,24,128,23,0.85,10,144.12,5,0
U2707,Germany,43,507,19,0.5,5,92.39,5,0
U2708,China,57,587,12,0.81,11,11.55,3,1
U2709,Brazil,22,224,15,0.77,10,18.36,7,1
U2710,China,38,547,11,0.42,8,149.0,9,0
U2711,Germany,31,485,5,0.26,8,20.07,9,1
U2712,China,21,324,5,0.42,9,16.45,1,0
U2713,China,40,401,15,0.79,2,59.42,1,0
U2714,Germany,59,337,18,0.25,2,145.7,5,1
U2715,China,37,498,11,0.52,3,54.61,1,1
U2716,India,32,216,12,0.78,11,67.38,4,1
U2717,India,46,481,2,0.37,6,98.77,1,0
U2718,China,25,310,20,0.63,2,13.38,2,0
U2719,Brazil,58,589,15,0.27,9,135.69,2,1
U2720,Germany,36,386,20,0.15,7,82.72,4,0
U2721,India,56,156,4,0.76,10,75.35,8,1
U2722,Brazil,45,572,22,0.14,7,130.5,2,1
U2723,China,44,275,18,0.29,5,143.43,9,1
U2724,Brazil,21,191,6,0.82,3,69.28,9,0
U2725,US,32,319,23,0.36,10,34.14,2,1
U2726,India,52,184,19,0.93,11,124.2,1,0
U2727,China,54,141,11,0.93,10,66.46,9,1
U2728,Germany,18,342,24,0.29,4,140.98,2,1
U2729,China,20,118,2,0.09,11,142.99,8,0
U2730,Germany,41,220,8,0.68,1,26.08,3,1
U2731,China,44,343,11,0.46,12,143.92,1,0
U2732,Brazil,57,165,5,0.14,5,61.56,1,0
U2733,Brazil,53,164,18,0.69,2,100.48,2,0
U2734,Brazil,51,498,23,0.08,14,14.87,7,0
U2735,US,46,287,18,0.83,5,134.44,6,0
U2736,Germany,41,377,14,0.17,11,99.82,2,0
U2737,Brazil,41,523,22,0.16,4,100.1,4,1
U2738,US,59,531,10,0.21,13,136.3,2,1
U2739,Germany,21,115,3,0.91,1,81.17,1,1
U2740,China,20,72,9,0.67,14,67.47,3,0
U2741,US,51,499,3,0.77,11,131.26,4,1
U2742,India,40,77,11,0.41,12,113.94,5,1
U2743,US,40,172,12,0.35,13,142.86,5,0
U2744,US,22,288,12,0.26,4,141.62,7,1
U2745,Germany,48,230,3,0.48,4,63.53,8,0
U2746,China,58,354,21,0.55,13,72.58,9,0
U2747,India,23,248,7,0.62,8,45.84,7,0
U2748,Brazil,54,485,14,0.28,10,102.49,5,0
U2749,Brazil,27,138,24,0.9,7,61.04,9,1
U2750,US,57,241,11,0.2,11,120.05,8,0
U2751,Germany,24,558,7,0.92,11,27.02,9,0
U2752,Germany,56,130,21,0.06,6,26.3,8,1
U2753,Brazil,55,307,10,0.48,14,38.62,6,1
U2754,India,38,205,11,0.35,14,21.8,4,1
U2755,China,37,355,15,0.45,11,96.8,9,0
U2756,India,20,529,19,0.56,12,30.63,9,0
U2757,China,39,565,16,0.44,14,32.39,9,1
U2758,Brazil,21,252,22,0.42,13,11.99,3,0
U2759,China,45,127,21,0.71,2,119.49,3,0
U2760,Germany,29,553,20,0.67,9,123.72,6,0
U2761,US,55,111,12,0.8,3,32.68,6,0
U2762,US,53,422,18,0.27,5,113.53,6,0
U2763,Brazil,58,533,23,0.6,2,70.7,5,0
U2764,Germany,22,580,13,0.58,10,43.54,5,0
U2765,India,30,490,5,0.38,8,96.99,2,0
U2766,Germany,40,357,4,0.49,7,34.99,7,0
U2767,US,47,494,14,0.33,5,115.96,4,0
U2768,US,54,257,8,0.18,3,16.67,3,1
U2769,Germany,42,187,9,0.24,6,144.28,8,1
U2770,Germany,44,591,19,0.14,12,20.06,4,0
U2771,US,31,470,3,0.66,14,91.12,4,0
U2772,India,53,124,5,0.64,10,136.31,8,0
U2773,Brazil,56,300,21,0.91,2,11.67,1,0
U2774,Brazil,33,428,18,0.71,9,79.79,9,0
U2775,Germany,39,595,1,0.1,14,59.0,7,1
U2776,Brazil,38,443,8,0.85,7,91.25,2,1
U2777,US,38,490,19,0.83,0,41.56,6,0
U2778,US,25,142,17,0.45,2,19.09,8,0
U2779,Germany,33,345,17,0.58,10,97.63,5,0
U2780,Germany,48,593,11,0.93,4,68.36,6,1
U2781,Germany,59,518,2,0.53,4,97.15,8,0
U2782,India,27,271,6,0.86,9,39.48,6,1
U2783,Brazil,49,185,22,0.12,13,57.42,9,1
U2784,Germany,51,472,14,0.22,1,88.64,9,1
U2785,China,26,558,3,0.45,9,93.04,9,1
U2786,China,34,484,12,0.58,7,62.12,6,1
U2787,US,28,217,4,0.78,4,49.21,9,1
U2788,Brazil,49,171,12,0.94,6,48.32,3,0
U2789,Germany,27,461,13,0.4,14,34.46,5,0
U2790,China,39,181,2,0.09,6,55.56,2,1
U2791,Brazil,34,332,2,0.77,13,37.92,8,0
U2792,US,21,353,15,0.59,4,98.73,4,0
U2793,India,42,457,23,0.23,7,89.67,6,0
U2794,Brazil,38,530,17,0.5,8,63.56,6,0
U2795,Brazil,54,266,7,0.72,3,55.62,5,0
U2796,India,55,169,14,0.74,3,43.27,1,1
U2797,Brazil,18,499,12,0.5,7,84.96,7,0
U2798,US,42,337,17,0.32,0,138.65,8,0
U2799,US,53,541,14,0.93,14,106.0,1,1
U2800,India,34,173,6,0.65,3,114.22,7,1
U2801,Germany,58,536,19,0.42,5,126.81,4,1
U2802,China,41,380,24,0.3,12,59.23,6,0
U2803,Germany,19,238,6,0.71,3,18.8,9,1
U2804,Brazil,57,278,18,0.27,5,97.16,5,0
U2805,China,32,587,24,0.2,4,36.41,8,0
U2806,India,49,551,5,0.53,13,89.67,5,0
U2807,India,56,120,24,0.31,8,113.53,2,0
U2808,China,23,113,24,0.62,9,119.71,4,0
U2809,US,18,597,6,0.16,8,52.26,2,1
U2810,China,40,124,2,0.64,3,81.74,7,0
U2811,Brazil,56,230,8,0.3,12,96.94,7,0
U2812,US,34,332,15,0.05,13,124.73,3,0
U2813,India,51,594,15,0.16,3,116.59,7,0
U2814,China,58,450,11,0.89,11,148.32,1,1
U2815,Germany,46,386,22,0.83,7,11.13,1,0
U2816,Germany,26,167,22,0.26,9,71.25,9,1
U2817,Brazil,30,221,24,0.75,14,45.85,6,0
U2818,Germany,23,511,1,0.6,3,26.79,5,0
U2819,China,23,265,18,0.92,1,137.61,6,1
U2820,China,37,75,12,0.39,12,149.71,6,1
U2821,Germany,20,386,12,0.66,12,35.28,1,1
U2822,China,34,61,11,0.11,13,15.38,5,0
U2823,Brazil,29,69,8,0.41,14,48.51,9,0
U2824,US,18,493,7,0.92,1,126.88,4,0
U2825,Brazil,34,184,23,0.54,0,51.14,3,1
U2826,Brazil,20,140,21,0.31,4,17.97,1,1
U2827,China,43,544,2,0.16,14,17.35,2,0
U2828,US,32,209,11,0.68,5,69.84,3,0
U2829,China,53,399,22,0.63,8,140.46,4,1
U2830,India,49,188,10,0.39,4,50.03,7,0
U2831,China,49,497,3,0.91,12,69.8,6,0
U2832,China,21,560,20,0.07,5,24.27,8,0
U2833,China,35,117,10,0.32,5,79.1,9,1
U2834,US,36,257,18,0.88,2,107.52,6,1
U2835,China,52,270,14,0.34,11,47.96,7,0
U2836,US,57,104,18,0.28,3,51.54,4,0
U2837,Germany,31,156,24,0.53,0,127.88,2,0
U2838,India,50,338,8,0.79,3,11.45,9,0
U2839,US,31,594,10,0.14,0,99.11,9,0
U2840,Germany,51,469,22,0.9,14,65.14,4,0
U2841,US,21,520,13,0.77,4,51.77,3,0
U2842,US,41,450,21,0.21,10,102.06,6,1
U2843,India,46,103,8,0.69,10,126.85,3,1
U2844,Brazil,36,86,4,0.4,7,88.17,1,0
U2845,Brazil,23,156,4,0.41,7,14.35,4,0
U2846,US,50,278,5,0.75,4,74.6,1,1
U2847,China,57,244,1,0.92,13,74.79,2,0
U2848,Germany,36,128,17,0.16,9,86.13,3,1
U2849,China,18,189,2,0.43,1,103.93,8,0
U2850,China,22,393,8,0.48,11,12.7,4,1
U2851,US,44,213,7,0.39,5,80.28,4,1
U2852,US,33,138,15,0.38,0,92.36,9,1
U2853,US,23,472,5,0.1,6,58.07,7,1
U2854,US,57,228,2,0.67,10,103.57,2,1
U2855,Brazil,30,574,7,0.44,3,41.94,3,0
U2856,US,52,373,8,0.23,4,54.43,4,0
U2857,Brazil,36,91,7,0.78,5,144.79,4,0
U2858,Brazil,29,346,7,0.77,10,58.73,8,1
U2859,US,33,102,14,0.49,0,58.51,6,1
U2860,India,27,60,21,0.32,8,93.4,3,0
U2861,Germany,42,329,18,0.62,9,145.94,9,0
U2862,China,37,239,6,0.31,3,147.63,8,1
U2863,Brazil,48,577,4,0.26,7,91.15,9,0
U2864,Germany,21,162,10,0.71,4,10.15,5,0
U2865,India,40,69,18,0.09,10,136.09,3,1
U2866,China,19,149,12,0.14,7,89.83,4,1
U2867,China,39,285,16,0.06,14,61.24,5,0
U2868,Brazil,54,185,7,0.19,0,126.09,9,0
U2869,US,25,268,6,0.11,7,65.98,9,0
U2870,India,24,156,5,0.95,10,14.77,3,0
U2871,Brazil,31,133,3,0.31,12,124.95,7,0
U2872,India,20,250,12,0.18,10,86.42,6,0
U2873,US,33,115,15,0.27,3,57.34,4,0
U2874,US,36,91,10,0.89,1,45.12,5,0
U2875,Brazil,35,586,20,0.52,10,93.13,2,0
U2876,US,33,343,19,0.38,5,39.13,7,1
U2877,Germany,25,553,16,0.84,1,55.34,4,0
U2878,China,50,246,11,0.41,4,99.11,2,1
U2879,Brazil,29,557,8,0.35,1,133.42,6,1
U2880,India,28,501,3,0.24,2,84.6,2,1
U2881,Germany,22,189,23,0.39,10,116.27,2,1
U2882,Brazil,44,351,7,0.34,5,116.83,7,0
U2883,US,29,173,23,0.66,0,103.01,1,1
U2884,US,34,258,7,0.31,5,44.42,7,0
U2885,US,23,72,14,0.57,2,131.35,5,1
U2886,US,50,330,2,0.11,6,71.08,1,0
U2887,India,22,274,10,0.22,1,16.19,6,1
U2888,Germany,45,503,19,0.42,13,44.25,7,0
U2889,China,31,571,9,0.89,5,117.18,1,1
U2890,India,22,506,16,0.39,7,19.68,9,0
U2891,India,50,133,19,0.65,14,30.63,7,1
U2892,China,58,596,18,0.28,14,107.19,1,1
U2893,China,36,160,9,0.16,14,134.96,3,0
U2894,US,39,235,16,0.1,0,98.72,5,1
U2895,India,22,486,13,0.32,10,41.12,4,1
U2896,Brazil,19,176,10,0.19,10,17.48,2,0
U2897,China,47,225,20,0.21,12,96.12,1,1
U2898,China,56,100,14,0.73,8,16.64,4,1
U2899,Germany,21,488,12,0.06,4,95.78,7,1
U2900,Brazil,50,403,19,0.55,4,41.58,4,0
U2901,Brazil,30,483,7,0.39,12,136.65,9,0
U2902,China,37,425,23,0.51,11,76.51,8,1
U2903,US,24,179,15,0.56,4,41.35,8,0
U2904,Germany,32,288,16,0.33,5,129.44,5,0
U2905,Brazil,40,189,8,0.32,1,45.56,1,0
U2906,China,31,411,10,0.71,5,52.92,9,0
U2907,Brazil,40,377,4,0.83,13,126.8,2,1
U2908,Germany,36,396,19,0.22,10,53.23,6,1
U2909,Germany,46,332,19,0.14,3,67.42,5,0
U2910,India,37,176,21,0.86,7,58.67,8,0
U2911,China,46,427,15,0.36,12,26.3,3,0
U2912,Germany,41,153,14,0.55,10,15.45,6,0
U2913,India,35,227,1,0.37,8,111.44,6,0
U2914,India,27,400,16,0.16,8,100.32,3,1
U2915,Brazil,58,211,10,0.58,7,49.53,7,1
U2916,Brazil,25,333,19,0.52,2,51.38,4,0
U2917,India,43,555,22,0.23,9,142.3,5,1
U2918,Brazil,46,160,3,0.46,10,148.27,9,0
U2919,Germany,27,141,5,0.77,10,76.28,6,1
U2920,US,34,588,9,0.58,3,122.34,4,0
U2921,Germany,19,132,18,0.14,0,113.14,8,1
U2922,India,23,73,11,0.54,8,51.62,9,0
U2923,India,22,492,16,0.68,4,18.2,5,0
U2924,Germany,45,216,2,0.76,5,29.96,2,0
U2925,Brazil,58,191,12,0.62,2,127.36,6,0
U2926,Brazil,22,397,22,0.19,10,112.37,8,0
U2927,India,35,463,6,0.69,9,103.01,5,0
U2928,China,43,435,11,0.66,7,28.29,1,0
U2929,Brazil,37,166,8,0.07,14,99.59,8,1
U2930,Germany,58,324,12,0.42,6,118.1,9,0
U2931,Brazil,44,264,2,0.35,0,130.48,1,1
U2932,Germany,29,138,9,0.65,9,11.85,8,0
U2933,India,24,214,15,0.24,11,105.83,2,1
U2934,Brazil,20,306,2,0.58,4,12.67,4,1
U2935,Germany,27,590,1,0.87,9,108.96,2,0
U2936,India,51,597,10,0.77,8,98.99,2,0
U2937,China,42,213,2,0.88,11,30.77,3,0
U2938,Germany,52,213,12,0.93,10,117.26,8,1
U2939,China,33,151,23,0.06,11,19.57,4,0
U2940,China,19,492,8,0.61,5,125.7,7,0
U2941,US,41,397,5,0.42,7,46.67,3,0
U2942,Brazil,27,539,22,0.82,9,106.44,3,0
U2943,Germany,55,190,1,0.28,0,139.32,2,0
U2944,China,39,509,15,0.93,9,57.58,6,1
U2945,US,43,332,6,0.6,10,80.41,6,0
U2946,India,56,236,12,0.76,6,74.84,1,0
U2947,Germany,44,108,8,0.13,2,32.07,7,0
U2948,China,46,414,13,0.22,8,92.64,4,0
U2949,Brazil,55,367,19,0.73,5,114.02,3,0
U2950,US,37,105,1,0.07,4,138.36,8,1
U2951,China,44,361,11,0.79,7,129.11,2,0
U2952,Brazil,58,467,20,0.06,7,81.4,9,1
U2953,China,37,248,1,0.64,11,110.66,8,0
U2954,Germany,36,188,8,0.38,11,122.11,8,0
U2955,Germany,37,596,5,0.6,2,79.09,3,1
U2956,Germany,52,325,17,0.68,1,26.16,4,0
U2957,US,19,177,8,0.36,14,71.31,2,0
U2958,Germany,47,523,10,0.15,1,127.95,2,0
U2959,Brazil,51,203,2,0.11,13,93.53,4,1
U2960,China,39,501,9,0.58,4,111.42,6,0
U2961,India,20,259,24,0.52,9,35.94,5,1
U2962,Brazil,23,216,23,0.72,11,145.01,1,1
U2963,Brazil,32,546,3,0.51,6,66.57,1,0
U2964,Germany,44,193,18,0.43,7,101.51,6,0
U2965,US,27,207,7,0.41,9,12.64,3,0
U2966,China,26,395,15,0.07,14,27.82,3,0
U2967,US,50,130,21,0.35,7,119.48,7,0
U2968,China,49,292,22,0.93,12,145.52,1,1
U2969,China,23,393,20,0.84,11,54.81,1,1
U2970,US,58,149,18,0.35,7,15.21,3,0
U2971,Brazil,53,393,3,0.58,14,60.52,8,0
U2972,China,19,258,23,0.81,9,12.45,1,0
U2973,US,46,220,14,0.45,11,36.93,4,0
U2974,China,21,597,24,0.07,10,115.35,9,1
U2975,India,18,180,2,0.12,2,141.19,4,1
U2976,Brazil,36,360,14,0.51,13,22.24,8,1
U2977,Germany,43,495,22,0.92,10,88.11,7,0
U2978,China,42,127,11,0.67,1,45.54,3,0
U2979,India,27,518,16,0.11,12,29.47,7,1
U2980,Germany,32,573,8,0.22,3,40.66,7,1
U2981,Germany,39,457,7,0.74,14,90.89,3,1
U2982,China,38,345,11,0.81,0,19.12,2,0
U2983,US,39,199,3,0.61,2,70.79,9,1
U2984,China,53,341,17,0.63,10,28.93,1,0
U2985,India,51,516,14,0.08,8,48.17,7,0
U2986,Germany,47,146,6,0.8,6,36.71,4,0
U2987,China,42,138,8,0.76,6,133.62,2,1
U2988,US,45,264,22,0.28,0,109.12,2,0
U2989,China,18,396,5,0.69,6,131.58,8,0
U2990,Brazil,21,313,8,0.24,9,63.68,7,1
U2991,US,24,363,2,0.09,6,53.88,7,0
U2992,India,26,439,15,0.23,3,63.28,5,1
U2993,Germany,53,189,12,0.21,6,12.6,8,0
U2994,China,36,335,17,0.35,7,111.46,2,0
U2995,US,18,242,1,0.43,2,58.97,2,1
U2996,Brazil,27,327,15,0.51,12,53.87,5,1
U2997,US,53,381,14,0.48,9,93.74,1,0
U2998,Brazil,26,571,20,0.29,1,71.07,6,1
U2999,India,59,137,22,0.08,6,147.32,4,0
